src_ip,packet_rate,unique_port_count,avg_pkt_size,generated_at
192.168.0.0,109.93428306022466,14.198066309758007,466.24108625128093,2025-07-31 23:26:01.235301
192.168.0.1,97.2347139765763,12.773901048738306,492.7740664642241,2025-07-31 23:26:01.235301
192.168.0.2,112.95377076201385,10.178891109760523,460.37900395000196,2025-07-31 23:26:01.235301
192.168.0.3,130.46059712816052,8.059189666883277,484.601923518048,2025-07-31 23:26:01.235301
192.168.0.4,95.31693250553329,12.09466994084077,405.3192666523107,2025-07-31 23:26:01.235301
192.168.0.5,95.3172608610164,11.18045615626525,510.66468536864693,2025-07-31 23:26:01.235301
192.168.0.6,131.58425631014782,12.685579660083196,500.0602737681112,2025-07-31 23:26:01.235301
192.168.0.7,115.34869458305818,11.905515405045909,459.14556844659046,2025-07-31 23:26:01.235301
192.168.0.8,90.61051228130096,13.148658145958006,532.9622834216202,2025-07-31 23:26:01.235301
192.168.0.9,110.8512008717193,8.394294365318295,546.8785068813279,2025-07-31 23:26:01.235301
192.168.0.10,90.73164614375075,13.952182196902978,419.6220067815513,2025-07-31 23:26:01.235301
192.168.0.11,90.68540492859486,10.592798814077199,461.8637610716893,2025-07-31 23:26:01.235301
192.168.0.12,104.83924543132068,16.225782617875797,461.5428825106351,2025-07-31 23:26:01.235301
192.168.0.13,61.73439510684404,7.932436545731297,453.0048449445568,2025-07-31 23:26:01.235301
192.168.0.14,65.50164334973934,15.207891409495748,541.4737420965874,2025-07-31 23:26:01.235301
192.168.0.15,88.75424941518054,10.593732350387944,490.3086930613598,2025-07-31 23:26:01.235301
192.168.0.16,79.74337759331152,8.045745989156655,486.77425793446946,2025-07-31 23:26:01.235301
192.168.0.17,106.28494665190547,8.548342497837035,399.8068817796623,2025-07-31 23:26:01.235301
192.168.0.18,81.83951848957578,9.038958075417039,531.7709015104613,2025-07-31 23:26:01.235301
192.168.0.19,71.75392597329417,11.27249783920575,438.03708025732635,2025-07-31 23:26:01.235301
192.168.0.20,129.31297537843108,11.568506464106498,502.9966315133164,2025-07-31 23:26:01.235301
192.168.0.21,95.4844739902693,8.278899988184262,513.8688468979096,2025-07-31 23:26:01.235301
192.168.0.22,101.35056409375848,9.926936223217051,568.0329297919326,2025-07-31 23:26:01.235301
192.168.0.23,71.50503627573087,16.42681107583559,434.5589800440444,2025-07-31 23:26:01.235301
192.168.0.24,89.11234550949635,15.182629510302135,349.0243922089587,2025-07-31 23:26:01.235301
192.168.0.25,102.21845179419732,11.308971009022097,509.1924772376847,2025-07-31 23:26:01.235301
192.168.0.26,76.98012845155395,10.114010434504602,590.0255590755427,2025-07-31 23:26:01.235301
192.168.0.27,107.51396036691344,10.360093980154783,561.9473176469719,2025-07-31 23:26:01.235301
192.168.0.28,87.9872262016239,11.840553918191251,510.4829707637313,2025-07-31 23:26:01.235301
192.168.0.29,94.16612500413447,6.931622304404783,475.4181907183976,2025-07-31 23:26:01.235301
192.168.0.30,87.96586775541206,9.227870387729965,540.3561298318655,2025-07-31 23:26:01.235301
192.168.0.31,137.04556369017877,4.994247778367232,451.3226900147766,2025-07-31 23:26:01.235301
192.168.0.32,99.73005550524132,11.197669367815838,523.8178884678109,2025-07-31 23:26:01.235301
192.168.0.33,78.84578142088199,11.941587819108223,525.2735079583314,2025-07-31 23:26:01.235301
192.168.0.34,116.45089824206377,8.550440613101879,553.010495374944,2025-07-31 23:26:01.235301
192.168.0.35,75.58312700057955,14.721960289870099,637.983001945554,2025-07-31 23:26:01.235301
192.168.0.36,104.1772719000951,6.322703010992976,519.6207983589384,2025-07-31 23:26:01.235301
192.168.0.37,60.80659752240449,5.606875359370539,474.5518187146251,2025-07-31 23:26:01.235301
192.168.0.38,73.43627902203139,10.673355455679916,498.7212843904003,2025-07-31 23:26:01.235301
192.168.0.39,103.93722471738246,13.141294907836464,411.54620475554407,2025-07-31 23:26:01.235301
192.168.0.40,114.76933159990821,15.051783074373606,465.26434344554707,2025-07-31 23:26:01.235301
192.168.0.41,103.4273656237994,8.62334721139318,479.5358780943448,2025-07-31 23:26:01.235301
192.168.0.42,97.68703435223519,13.236042500293888,473.79558010327037,2025-07-31 23:26:01.235301
192.168.0.43,93.97792608821422,9.884474591497879,507.6177436016861,2025-07-31 23:26:01.235301
192.168.0.44,70.42956019265145,9.48211810017754,458.87900338088997,2025-07-31 23:26:01.235301
192.168.0.45,85.60311583210583,12.650979812460017,556.0515333662236,2025-07-31 23:26:01.235301
192.168.0.46,90.78722458080425,11.956968635240258,500.01035324590987,2025-07-31 23:26:01.235301
192.168.0.47,121.1424445243783,5.270823529047252,499.5349839430693,2025-07-31 23:26:01.235301
192.168.0.48,106.87236579136923,14.429621049177687,483.6052641743541,2025-07-31 23:26:01.235301
192.168.0.49,64.73919689274533,14.140274062442355,507.75953419294893,2025-07-31 23:26:01.235301
192.168.0.50,106.4816793878959,8.123311895471412,541.2549132333818,2025-07-31 23:26:01.235301
192.168.0.51,92.29835439167367,11.187410600312226,456.643489214455,2025-07-31 23:26:01.235301
192.168.0.52,86.46155999388083,11.482090558848217,467.0941755462372,2025-07-31 23:26:01.235301
192.168.0.53,112.23352577681736,10.782021297471722,484.81369856116675,2025-07-31 23:26:01.235301
192.168.0.54,120.61999044991902,8.349084538463739,432.70645382633927,2025-07-31 23:26:01.235301
192.168.0.55,118.62560238232398,7.985129896185845,459.0371070139251,2025-07-31 23:26:01.235301
192.168.0.56,83.21564953554723,9.923337787025664,476.18895632276707,2025-07-31 23:26:01.235301
192.168.0.57,93.81575248297571,13.518187057778094,543.7194590356364,2025-07-31 23:26:01.235301
192.168.0.58,106.62526862807128,11.630800463783297,513.1280664500963,2025-07-31 23:26:01.235301
192.168.0.59,119.51090254244718,8.888157003741682,509.6794955683772,2025-07-31 23:26:01.235301
192.168.0.60,90.4165152430942,12.315096131945033,542.5448981083986,2025-07-31 23:26:01.235301
192.168.0.61,96.28682046672365,1.4543721381097736,493.13141058003015,2025-07-31 23:26:01.235301
192.168.0.62,77.87330051987944,13.446297101116311,519.5232424964445,2025-07-31 23:26:01.235301
192.168.0.63,76.07586751838659,4.780858663665701,494.8389123533752,2025-07-31 23:26:01.235301
192.168.0.64,116.25051644788397,8.912677175790604,513.2681174699815,2025-07-31 23:26:01.235301
192.168.0.65,127.12480057141646,6.640990316121568,470.8620671194209,2025-07-31 23:26:01.235301
192.168.0.66,98.55979756839332,6.115955572837283,378.05914208617855,2025-07-31 23:26:01.235301
192.168.0.67,120.07065795784048,13.482480362135558,493.28604189068477,2025-07-31 23:26:01.235301
192.168.0.68,107.23272050095268,8.596896396064325,571.137406804997,2025-07-31 23:26:01.235301
192.168.0.69,87.09760490789752,11.039511645192148,546.3107701120796,2025-07-31 23:26:01.235301
192.168.0.70,107.22791211016828,9.859238263362448,548.2698742295586,2025-07-31 23:26:01.235301
192.168.0.71,130.76073132931938,11.431122481669364,561.8065360903109,2025-07-31 23:26:01.235301
192.168.0.72,99.28347921780097,10.230465673180767,504.43287954807187,2025-07-31 23:26:01.235301
192.168.0.73,131.29287311628013,6.151023327434292,509.86578537027975,2025-07-31 23:26:01.235301
192.168.0.74,47.60509791820511,12.98880045834142,469.1174052282825,2025-07-31 23:26:01.235301
192.168.0.75,116.43805008750448,8.518730250516063,484.1963571986475,2025-07-31 23:26:01.235301
192.168.0.76,101.74094136476343,5.330254304020746,530.7885574885571,2025-07-31 23:26:01.235301
192.168.0.77,94.01985299068265,8.715654517102262,560.1942218584409,2025-07-31 23:26:01.235301
192.168.0.78,101.83521553071004,14.502279371902933,493.02768621595004,2025-07-31 23:26:01.235301
192.168.0.79,60.248621707982146,12.55066522634048,477.4905367574294,2025-07-31 23:26:01.235301
192.168.0.80,95.60656224324975,8.954043596776422,500.0263979428299,2025-07-31 23:26:01.235301
192.168.0.81,107.14225143023492,8.952226887044713,530.0603374464557,2025-07-31 23:26:01.235301
192.168.0.82,129.55788089483033,9.035094846347853,427.8072591933229,2025-07-31 23:26:01.235301
192.168.0.83,89.63459563452705,16.23024395068252,385.19095234313806,2025-07-31 23:26:01.235301
192.168.0.84,83.83012794213624,11.14580635669466,472.47315752542085,2025-07-31 23:26:01.235301
192.168.0.85,89.96485912830927,11.29012494157321,438.9643787042921,2025-07-31 23:26:01.235301
192.168.0.86,118.30804235404148,13.090850362095527,474.5929901176345,2025-07-31 23:26:01.235301
192.168.0.87,106.57502219319369,10.71636747707954,492.61098405912645,2025-07-31 23:26:01.235301
192.168.0.88,89.40479592465923,9.22287356253789,477.3375795488493,2025-07-31 23:26:01.235301
192.168.0.89,110.26534866226712,9.410950452745066,572.6233767235373,2025-07-31 23:26:01.235301
192.168.0.90,101.9415509869608,9.785196221757808,516.337238230116,2025-07-31 23:26:01.235301
192.168.0.91,119.37289981065778,9.888333290470475,515.0237179805414,2025-07-31 23:26:01.235301
192.168.0.92,85.95893812245295,12.18288863091094,531.1103572021701,2025-07-31 23:26:01.235301
192.168.0.93,93.44675706804463,10.155837657421898,443.05834411096157,2025-07-31 23:26:01.235301
192.168.0.94,92.15783693735685,12.197920231646737,551.9555893710134,2025-07-31 23:26:01.235301
192.168.0.95,70.72970103735763,9.757850259674253,496.211785673227,2025-07-31 23:26:01.235301
192.168.0.96,105.92240554129152,10.235905570948272,533.5240308620606,2025-07-31 23:26:01.235301
192.168.0.97,105.22110544359779,4.0053979464036775,446.40713834799226,2025-07-31 23:26:01.235301
192.168.0.98,100.10226913284922,12.748983024107444,422.31206169919676,2025-07-31 23:26:01.235301
192.168.0.99,95.30825733249706,11.039465427693978,540.8944829012514,2025-07-31 23:26:01.235301
192.168.0.100,71.69258515899172,12.994030329578957,518.8204763048758,2025-07-31 23:26:01.235301
192.168.0.101,91.58709354469282,1.3112338654189326,454.89742228212447,2025-07-31 23:26:01.235301
192.168.0.102,93.14570966946461,16.265124114342182,456.51684593626527,2025-07-31 23:26:01.235301
192.168.0.103,83.95445461556761,9.581231115534479,556.2717392207385,2025-07-31 23:26:01.235301
192.168.0.104,96.77428576667981,13.32454845021255,440.5294053566336,2025-07-31 23:26:01.235301
192.168.0.105,108.08101713629077,6.880282218623408,582.1336476627981,2025-07-31 23:26:01.235301
192.168.0.106,137.7237180242106,11.838321715187709,454.96896326760657,2025-07-31 23:26:01.235301
192.168.0.107,103.49155625663678,6.839753310479032,531.9195962804191,2025-07-31 23:26:01.235301
192.168.0.108,105.15100781445528,8.128693117912585,483.5690762125508,2025-07-31 23:26:01.235301
192.168.0.109,98.51108168467665,15.742094061600358,530.1593715541171,2025-07-31 23:26:01.235301
192.168.0.110,61.62457569401917,9.42795279770996,472.79429989429036,2025-07-31 23:26:01.235301
192.168.0.111,99.46972249101566,10.652298619539168,491.8603546963853,2025-07-31 23:26:01.235301
192.168.0.112,101.20460419882053,12.610203192066262,502.04595876978607,2025-07-31 23:26:01.235301
192.168.0.113,149.26484224970574,11.487045663917813,449.89062721092637,2025-07-31 23:26:01.235301
192.168.0.114,96.15278070437755,10.451256715430729,537.0412172710063,2025-07-31 23:26:01.235301
192.168.0.115,106.03094684667225,11.094883007398677,474.33932167642075,2025-07-31 23:26:01.235301
192.168.0.116,99.30576460589513,17.210246755714827,488.57000423299905,2025-07-31 23:26:01.235301
192.168.0.117,76.62643924760935,9.827143608899243,450.2825312695744,2025-07-31 23:26:01.235301
192.168.0.118,122.85645629030041,10.603297140144903,371.8833170602345,2025-07-31 23:26:01.235301
192.168.0.119,115.03866065373549,13.151963188022837,490.44861186999157,2025-07-31 23:26:01.235301
192.168.0.120,115.82063894086093,13.31657779887395,620.6307710806458,2025-07-31 23:26:01.235301
192.168.0.121,81.81225090410521,13.56109091668114,539.2302143949012,2025-07-31 23:26:01.235301
192.168.0.122,128.05588621872198,11.916190666087553,499.03698101328024,2025-07-31 23:26:01.235301
192.168.0.123,71.96297874415438,6.570985261808549,486.8554585395866,2025-07-31 23:26:01.235301
192.168.0.124,111.73714187600541,14.900294596903288,501.1232946406023,2025-07-31 23:26:01.235301
192.168.0.125,143.80911251619958,6.560963820943936,527.3559557587605,2025-07-31 23:26:01.235301
192.168.0.126,80.18927349738624,10.907906395717099,440.9593592345578,2025-07-31 23:26:01.235301
192.168.0.127,88.67404540794456,7.7371724499419265,555.7160847334436,2025-07-31 23:26:01.235301
192.168.0.128,101.99302730175282,9.807584960221023,535.7690657720622,2025-07-31 23:26:01.235301
192.168.0.129,89.93048691767602,10.986287230910442,535.9092862853968,2025-07-31 23:26:01.235301
192.168.0.130,68.98673137867735,10.964071646350819,521.9237869404864,2025-07-31 23:26:01.235301
192.168.0.131,101.37125949612054,11.265762262705854,500.9808328846995,2025-07-31 23:26:01.235301
192.168.0.132,78.7539257254779,14.841133807175941,533.643061798341,2025-07-31 23:26:01.235301
192.168.0.133,109.47184861270364,11.36060290454194,529.5907066870689,2025-07-31 23:26:01.235301
192.168.0.134,81.61151531532394,9.267530094128054,482.2979644529488,2025-07-31 23:26:01.235301
192.168.0.135,130.9986881003508,12.892261504865072,471.31991135515494,2025-07-31 23:26:01.235301
192.168.0.136,84.33493415327526,13.568411466773922,505.09281476309934,2025-07-31 23:26:01.235301
192.168.0.137,93.55876967588648,6.317176554589023,577.4510075747594,2025-07-31 23:26:01.235301
192.168.0.138,116.27034434739339,11.792200209549573,438.04464621730494,2025-07-31 23:26:01.235301
192.168.0.139,75.3827136713209,12.103518226932696,426.623736712378,2025-07-31 23:26:01.235301
192.168.0.140,104.54919869208258,9.107309489920024,508.2380420618258,2025-07-31 23:26:01.235301
192.168.0.141,126.14285508564856,14.127120439934858,502.5443850928009,2025-07-31 23:26:01.235301
192.168.0.142,67.85033530877544,9.54983323890242,508.6670832185204,2025-07-31 23:26:01.235301
192.168.0.143,103.69267717064608,10.376729360414627,512.197659895425,2025-07-31 23:26:01.235301
192.168.0.144,105.19765588496847,9.48078452714839,488.83988726825976,2025-07-31 23:26:01.235301
192.168.0.145,115.6364574355462,10.046737142744403,574.4931719301042,2025-07-31 23:26:01.235301
192.168.0.146,75.26098578243835,6.711174739314394,419.95480107617425,2025-07-31 23:26:01.235301
192.168.0.147,73.59086773831447,5.6798473522171165,458.5751487609877,2025-07-31 23:26:01.235301
192.168.0.148,110.43883131233795,14.783515189674917,494.8372619925476,2025-07-31 23:26:01.235301
192.168.0.149,105.93969346466372,7.459115955045016,417.84055944229164,2025-07-31 23:26:01.235301
192.168.0.150,105.00985700691753,7.025822951631079,491.20727977839647,2025-07-31 23:26:01.235301
192.168.0.151,106.9289641899395,3.5398296591888556,583.073508286401,2025-07-31 23:26:01.235301
192.168.0.152,86.39950556843019,8.083114756931494,501.0443244147981,2025-07-31 23:26:01.235301
192.168.0.153,104.64507394322007,6.030730619777505,511.5350452859342,2025-07-31 23:26:01.235301
192.168.0.154,105.86144946597362,14.926045480409108,436.99176174137096,2025-07-31 23:26:01.235301
192.168.0.155,85.71297163947264,13.029451268027902,469.1819295980261,2025-07-31 23:26:01.235301
192.168.0.156,137.31549022289514,7.935548964466829,481.24018098380316,2025-07-31 23:26:01.235301
192.168.0.157,109.47665841823576,16.757307416032926,484.1142451621883,2025-07-31 23:26:01.235301
192.168.0.158,76.17393005594703,12.945296460974783,564.0821897501885,2025-07-31 23:26:01.235301
192.168.0.159,113.1310721726766,9.025505849474133,527.8845530362562,2025-07-31 23:26:01.235301
192.168.0.160,80.50636659545357,2.5017828553792807,444.4271021531484,2025-07-31 23:26:01.235301
192.168.0.161,115.74169207484904,16.872827717772225,512.3252389216002,2025-07-31 23:26:01.235301
192.168.0.162,123.17191158014808,5.831282599709212,524.9110874248393,2025-07-31 23:26:01.235301
192.168.0.163,83.5863536329658,5.063803759129325,557.0074519260634,2025-07-31 23:26:01.235301
192.168.0.164,119.26752258488644,13.067711296028921,579.0270343284187,2025-07-31 23:26:01.235301
192.168.0.165,108.25561853872996,17.319257219017818,449.2452904086066,2025-07-31 23:26:01.235301
192.168.0.166,116.4412031998898,14.152818455531555,459.4571244394831,2025-07-31 23:26:01.235301
192.168.0.167,137.93585965307895,11.69172736015708,437.1211070542692,2025-07-31 23:26:01.235301
192.168.0.168,95.09223767994258,11.784263024995859,488.2990070446509,2025-07-31 23:26:01.235301
192.168.0.169,84.9252767128502,12.560246676340924,523.3179187223167,2025-07-31 23:26:01.235301
192.168.0.170,82.20971140748954,12.276785769360295,549.366725829455,2025-07-31 23:26:01.235301
192.168.0.171,83.68379430069123,10.843574271908128,496.20244881787386,2025-07-31 23:26:01.235301
192.168.0.172,98.45796581171791,10.312603311855629,484.0076238372578,2025-07-31 23:26:01.235301
192.168.0.173,106.82303949633288,9.812220616301433,507.587899612437,2025-07-31 23:26:01.235301
192.168.0.174,105.53381598660039,7.7381062333999715,458.24285491849884,2025-07-31 23:26:01.235301
192.168.0.175,116.54366498072048,9.157974769399678,604.4769360847387,2025-07-31 23:26:01.235301
192.168.0.176,100.26003783755814,4.921129557413844,419.6169486440971,2025-07-31 23:26:01.235301
192.168.0.177,129.07068154314635,9.70498111961575,509.23702894478623,2025-07-31 23:26:01.235301
192.168.0.178,94.70686333524088,7.034226678547247,601.180310961482,2025-07-31 23:26:01.235301
192.168.0.179,154.40338333179238,6.689232048352688,500.3399922279999,2025-07-31 23:26:01.235301
192.168.0.180,112.51334695530012,10.539682453460436,490.49804824992526,2025-07-31 23:26:01.235301
192.168.0.181,82.85684887167434,14.176006859033798,482.1277288594786,2025-07-31 23:26:01.235301
192.168.0.182,78.58215003877775,12.754949818006939,490.9804159118796,2025-07-31 23:26:01.235301
192.168.0.183,109.64944830486371,5.288498189130469,568.6424237338265,2025-07-31 23:26:01.235301
192.168.0.184,95.53074429348298,7.031115590288987,389.4069044335247,2025-07-31 23:26:01.235301
192.168.0.185,114.28000988184183,12.822313563964649,576.6716850648163,2025-07-31 23:26:01.235301
192.168.0.186,109.4647524914709,7.052537819385071,428.8021423774927,2025-07-31 23:26:01.235301
192.168.0.187,98.54342174686255,9.326100550008926,486.66738353827924,2025-07-31 23:26:01.235301
192.168.0.188,83.06412563863191,11.650156297073655,478.5377789850669,2025-07-31 23:26:01.235301
192.168.0.189,69.70305550628271,7.094966635409094,529.427663488536,2025-07-31 23:26:01.235301
192.168.0.190,91.06970095865958,10.31612651843788,420.0937824058126,2025-07-31 23:26:01.235301
192.168.0.191,117.12797588646944,5.997923515245387,523.1086333040971,2025-07-31 23:26:01.235301
192.168.0.192,104.28187488260409,8.195897068146358,601.2154811643426,2025-07-31 23:26:01.235301
192.168.0.193,75.08522442576023,10.959345802427611,431.84129977035946,2025-07-31 23:26:01.235301
192.168.0.194,103.46361851702363,5.221018799404992,509.48530838051977,2025-07-31 23:26:01.235301
192.168.0.195,107.70634759457674,11.321424213881198,466.90089111016954,2025-07-31 23:26:01.235301
192.168.0.196,82.32285127597734,9.941086603219956,521.2943603096518,2025-07-31 23:26:01.235301
192.168.0.197,103.07450211891056,11.657469863251443,500.9573888707876,2025-07-31 23:26:01.235301
192.168.0.198,101.16417436892,10.671742402193985,467.9256545477845,2025-07-31 23:26:01.235301
192.168.0.199,77.14059404338754,14.092421289921532,524.3936142435537,2025-07-31 23:26:01.235301
192.168.0.200,107.15574720696567,10.375673507943722,590.2174054893371,2025-07-31 23:26:01.235301
192.168.0.201,111.21569052736469,8.711783376624242,490.4548104136351,2025-07-31 23:26:01.235301
192.168.0.202,121.66102486350553,10.366892509096852,535.9878971074091,2025-07-31 23:26:01.235301
192.168.0.203,121.07604104069806,11.629894087109165,435.33635210644184,2025-07-31 23:26:01.235301
192.168.0.204,72.44661264085818,10.146580210977113,452.17818115909955,2025-07-31 23:26:01.235301
192.168.0.205,81.24349920169755,10.121775073611648,523.6203138940189,2025-07-31 23:26:01.235301
192.168.0.206,110.3007053441732,7.894024936579734,574.2058014267982,2025-07-31 23:26:01.235301
192.168.0.207,110.27571901824417,8.011297247347155,517.780667439283,2025-07-31 23:26:01.235301
192.168.0.208,110.30095372612095,5.792184184600919,484.34709847384227,2025-07-31 23:26:01.235301
192.168.0.209,177.05462981309444,15.248730229560818,499.9645702711677,2025-07-31 23:26:01.235301
192.168.0.210,111.41781021386333,6.268410293826145,437.4796133015141,2025-07-31 23:26:01.235301
192.168.0.211,122.71131280361197,7.921284406612278,530.2257663177684,2025-07-31 23:26:01.235301
192.168.0.212,119.08003526986406,7.844778203292408,544.1166531161705,2025-07-31 23:26:01.235301
192.168.0.213,113.02782502611596,12.684773130833324,477.395483358346,2025-07-31 23:26:01.235301
192.168.0.214,93.69461510719309,9.115150965123917,476.49789261202494,2025-07-31 23:26:01.235301
192.168.0.215,115.17938440986535,13.743226218021201,513.2939114826024,2025-07-31 23:26:01.235301
192.168.0.216,84.54349570924856,7.979528127268394,478.16401319797023,2025-07-31 23:26:01.235301
192.168.0.217,95.26362786519982,10.836982486671406,496.69336926870886,2025-07-31 23:26:01.235301
192.168.0.218,90.29272904341794,7.493958840220728,604.9860894583258,2025-07-31 23:26:01.235301
192.168.0.219,101.63748278772646,16.435447383320167,487.6487149627002,2025-07-31 23:26:01.235301
192.168.0.220,146.29317133347018,6.437204742911462,482.08299239893887,2025-07-31 23:26:01.235301
192.168.0.221,62.65469614816504,10.929462130681083,467.62290971824206,2025-07-31 23:26:01.235301
192.168.0.222,113.72520380749027,11.901330642796296,537.2095985749968,2025-07-31 23:26:01.235301
192.168.0.223,67.74568257620697,11.241397292354495,490.93879133909485,2025-07-31 23:26:01.235301
192.168.0.224,90.56136268421133,9.444137023366874,467.5313480839287,2025-07-31 23:26:01.235301
192.168.0.225,121.77901193934733,9.610537900799722,566.0652016136506,2025-07-31 23:26:01.235301
192.168.0.226,101.28560038190926,10.13143441593733,570.9801502256819,2025-07-31 23:26:01.235301
192.168.0.227,78.44510444141387,9.558993995114534,469.97882171306475,2025-07-31 23:26:01.235301
192.168.0.228,85.69392581480064,12.891637350384729,406.67300243196917,2025-07-31 23:26:01.235301
192.168.0.229,113.59195497869352,16.631569004774054,550.3756844918461,2025-07-31 23:26:01.235301
192.168.0.230,85.39266736565727,8.3275246449765,465.7685087119998,2025-07-31 23:26:01.235301
192.168.0.231,104.3291717916395,5.890591061262766,539.5312799581384,2025-07-31 23:26:01.235301
192.168.0.232,100.91143679807628,9.735153854946235,401.4948091144082,2025-07-31 23:26:01.235301
192.168.0.233,86.96799304788365,17.739128012962958,544.6298669149654,2025-07-31 23:26:01.235301
192.168.0.234,142.8788817865065,7.588976296090808,439.44140353596094,2025-07-31 23:26:01.235301
192.168.0.235,112.67838044636022,14.917350416332201,536.5382059533263,2025-07-31 23:26:01.235301
192.168.0.236,59.49714826684786,15.033102442229321,500.7136533918217,2025-07-31 23:26:01.235301
192.168.0.237,103.72908629538856,8.339235274876016,452.30302903016775,2025-07-31 23:26:01.235301
192.168.0.238,86.76427070463224,11.706949237555826,479.64818435366095,2025-07-31 23:26:01.235301
192.168.0.239,117.04866669592448,14.885189869385615,534.315922847835,2025-07-31 23:26:01.235301
192.168.0.240,84.14958523134598,8.86261677703754,505.2947226557617,2025-07-31 23:26:01.235301
192.168.0.241,97.70527117066202,9.389258919692915,529.2206490236242,2025-07-31 23:26:01.235301
192.168.0.242,110.09974557960915,8.254957258154068,598.8220292257743,2025-07-31 23:26:01.235301
192.168.0.243,117.31510388340243,6.955729807921399,421.7879194144474,2025-07-31 23:26:01.235301
192.168.0.244,75.99407185888447,8.052167364801978,580.8606287484312,2025-07-31 23:26:01.235301
192.168.0.245,93.30997528318103,6.32817919971323,505.21779687616066,2025-07-31 23:26:01.235301
192.168.0.246,90.50109377678088,10.102250404777678,455.06079758384357,2025-07-31 23:26:01.235301
192.168.0.247,86.93341534852576,7.690080306824075,433.4843187130505,2025-07-31 23:26:01.235301
192.168.0.248,135.30908480562192,10.701357735372243,490.54398046114835,2025-07-31 23:26:01.235301
192.168.0.249,108.09963421921911,5.332313061389118,546.082505596223,2025-07-31 23:26:01.235301
192.168.0.250,74.78232091329909,10.99264069664337,493.6225439811233,2025-07-31 23:26:01.235301
192.168.0.251,118.35723894109552,12.500586884826774,575.5577465123674,2025-07-31 23:26:01.235301
192.168.0.252,142.44312394025266,4.018793072285634,427.44121549742204,2025-07-31 23:26:01.235301
192.168.0.253,120.64930521102293,11.122169709542716,499.39555260769725,2025-07-31 23:26:01.235301
192.168.0.254,69.61260068091974,13.683006977419875,437.38032777934404,2025-07-31 23:26:01.235301
192.168.0.0,90.31531854267497,6.371076943926384,518.1815941312484,2025-07-31 23:26:01.235301
192.168.0.1,125.33822298373245,15.01771716051311,544.344369504865,2025-07-31 23:26:01.235301
192.168.0.2,85.84661068762438,11.257057028098135,478.9619103159473,2025-07-31 23:26:01.235301
192.168.0.3,108.87638856292457,7.884964432724773,369.7893071686433,2025-07-31 23:26:01.235301
192.168.0.4,115.49268106858673,9.832692767026883,509.94740733982474,2025-07-31 23:26:01.235301
192.168.0.5,81.46139056843833,11.674980737565168,521.8369275866755,2025-07-31 23:26:01.235301
192.168.0.6,98.809492878764,10.228016174237235,520.2147377480849,2025-07-31 23:26:01.235301
192.168.0.7,35.17465319861854,11.616267977339108,561.7891095911077,2025-07-31 23:26:01.235301
192.168.0.8,79.51224717331421,7.237979220761901,446.44731601754756,2025-07-31 23:26:01.235301
192.168.0.9,94.9486369721368,10.508082472108233,534.0108052725225,2025-07-31 23:26:01.235301
192.168.0.10,75.04433636070301,5.758856509285059,559.6253756238988,2025-07-31 23:26:01.235301
192.168.0.11,132.64822607863272,9.6663218159539,411.07062079967415,2025-07-31 23:26:01.235301
192.168.0.12,71.39717244078734,7.288277075605631,515.9825912959489,2025-07-31 23:26:01.235301
192.168.0.13,91.19911026606033,7.7934101722307005,474.7910084496164,2025-07-31 23:26:01.235301
192.168.0.14,102.61481154572182,13.708279525631312,495.9238663449177,2025-07-31 23:26:01.235301
192.168.0.15,128.82546578132232,13.273930361782806,517.3838241769168,2025-07-31 23:26:01.235301
192.168.0.16,71.2827569764112,11.82741436272153,475.6385717943224,2025-07-31 23:26:01.235301
192.168.0.17,123.26327504309918,6.723061705982263,466.21459604191944,2025-07-31 23:26:01.235301
192.168.0.18,100.20466122039174,9.050774650915594,501.70762087440124,2025-07-31 23:26:01.235301
192.168.0.19,80.36982697904098,13.63929309993755,445.6377030568599,2025-07-31 23:26:01.235301
192.168.0.20,109.24206948526542,10.425150740919713,445.70874355574074,2025-07-31 23:26:01.235301
192.168.0.21,103.9811939114694,16.957988619945084,533.9686641478252,2025-07-31 23:26:01.235301
192.168.0.22,87.9956624568241,11.179953518183115,442.5602982420672,2025-07-31 23:26:01.235301
192.168.0.23,101.39604169980038,10.576147349470094,533.3156250454606,2025-07-31 23:26:01.235301
192.168.0.24,92.2937280627648,9.072650607392497,523.1295646426976,2025-07-31 23:26:01.235301
192.168.0.25,102.27034690502497,10.400622714346847,413.7096635604702,2025-07-31 23:26:01.235301
192.168.0.26,113.24261349042094,9.542590490858368,466.1217673832173,2025-07-31 23:26:01.235301
192.168.0.27,131.72033632290703,12.12432603006577,559.7054701523687,2025-07-31 23:26:01.235301
192.168.0.28,75.24369002346302,12.870106950383752,450.9417234430159,2025-07-31 23:26:01.235301
192.168.0.29,142.66066749312535,7.642031618476151,476.7797868845306,2025-07-31 23:26:01.235301
192.168.0.30,60.958244009549965,6.006301139326666,523.1030446625948,2025-07-31 23:26:01.235301
192.168.0.31,96.96429809928833,4.49138388069011,539.1695254641297,2025-07-31 23:26:01.235301
192.168.0.32,111.76634412969153,11.523973980737631,487.4230556977752,2025-07-31 23:26:01.235301
192.168.0.33,105.61983735470065,6.689900181478379,470.12449026541793,2025-07-31 23:26:01.235301
192.168.0.34,87.54600960358812,3.5413282211425514,571.1184930849254,2025-07-31 23:26:01.235301
192.168.0.35,95.83755499285449,11.165735813592892,586.9449831898789,2025-07-31 23:26:01.235301
192.168.0.36,90.13998130682334,17.47899855229837,548.9429025390898,2025-07-31 23:26:01.235301
192.168.0.37,88.21270486111577,9.98178726538032,504.26590712825123,2025-07-31 23:26:01.235301
192.168.0.38,116.99204194042049,12.515472323354926,459.58671391795366,2025-07-31 23:26:01.235301
192.168.0.39,107.14030971930094,10.245488075642696,458.4777796721717,2025-07-31 23:26:01.235301
192.168.0.40,86.14180809478691,9.703331040426573,526.1257052632878,2025-07-31 23:26:01.235301
192.168.0.41,117.99199750866501,12.757229448963306,520.9199110444342,2025-07-31 23:26:01.235301
192.168.0.42,106.14599041753219,9.129176367434045,570.0799296473215,2025-07-31 23:26:01.235301
192.168.0.43,116.2572423767792,10.80217694221571,532.522504626807,2025-07-31 23:26:01.235301
192.168.0.44,112.59257683847224,10.96509341858804,424.8459849120091,2025-07-31 23:26:01.235301
192.168.0.45,83.42009978155855,7.995728639070854,552.597380886146,2025-07-31 23:26:01.235301
192.168.0.46,88.79637919606061,12.976127048609568,450.09696863427934,2025-07-31 23:26:01.235301
192.168.0.47,114.94587210246523,9.475120729913774,480.8014364023824,2025-07-31 23:26:01.235301
192.168.0.48,112.2074053086693,7.7327645215214655,512.5100103125848,2025-07-31 23:26:01.235301
192.168.0.49,99.58196812071704,11.60952953071121,599.7833744891982,2025-07-31 23:26:01.235301
192.168.0.50,102.34654766617564,7.304596054626888,655.4959278002681,2025-07-31 23:26:01.235301
192.168.0.51,125.5532979157685,10.084543472107384,530.3361529568091,2025-07-31 23:26:01.235301
192.168.0.52,88.1685722232834,9.97264301006739,490.8401690639806,2025-07-31 23:26:01.235301
192.168.0.53,110.94194762340075,13.257686697494734,526.7252824240275,2025-07-31 23:26:01.235301
192.168.0.54,95.95614695132213,11.424094698639859,544.3827712936918,2025-07-31 23:26:01.235301
192.168.0.55,95.6463759354556,9.924919123764568,483.9666187221404,2025-07-31 23:26:01.235301
192.168.0.56,121.9755370397438,12.453298897600861,589.7605677956161,2025-07-31 23:26:01.235301
192.168.0.57,116.5083269797606,14.170622647051939,511.5035379595701,2025-07-31 23:26:01.235301
192.168.0.58,116.27019272001277,11.673430919055587,524.8871544545697,2025-07-31 23:26:01.235301
192.168.0.59,126.10957614308658,10.031057859530142,533.296212602723,2025-07-31 23:26:01.235301
192.168.0.60,100.42007683265518,6.064491302949522,521.0793305307228,2025-07-31 23:26:01.235301
192.168.0.61,113.63905942589928,6.804659010773882,541.9470250234806,2025-07-31 23:26:01.235301
192.168.0.62,93.79466486813088,9.084325886935996,469.13734067265386,2025-07-31 23:26:01.235301
192.168.0.63,106.48332704976885,8.171463393522151,472.08491230269846,2025-07-31 23:26:01.235301
192.168.0.64,97.39713891264631,9.439086091043663,444.99228835141525,2025-07-31 23:26:01.235301
192.168.0.65,101.93991929985437,10.169949774691322,521.9750615310113,2025-07-31 23:26:01.235301
192.168.0.66,111.90314050873828,11.589078263070192,538.9468251756057,2025-07-31 23:26:01.235301
192.168.0.67,83.63558633533054,9.788503665822727,522.8886433075943,2025-07-31 23:26:01.235301
192.168.0.68,141.8477455137092,11.459504931478605,583.7246216673768,2025-07-31 23:26:01.235301
192.168.0.69,79.87965237000596,10.193423244430361,499.7201990585477,2025-07-31 23:26:01.235301
192.168.0.70,75.71622774424536,4.073600300938386,533.4370827796256,2025-07-31 23:26:01.235301
192.168.0.71,123.16221747000135,7.181993818543737,445.4149561930343,2025-07-31 23:26:01.235301
192.168.0.72,115.83325387925872,9.567737332835154,480.64501487627996,2025-07-31 23:26:01.235301
192.168.0.73,112.4823963410431,6.370915771476677,534.7768878782889,2025-07-31 23:26:01.235301
192.168.0.74,112.5669101852856,11.799786189988613,542.4551055371572,2025-07-31 23:26:01.235301
192.168.0.75,99.7550645430617,14.592252497031092,485.3016526167909,2025-07-31 23:26:01.235301
192.168.0.76,82.05491257028336,13.65628555509195,496.4200374070967,2025-07-31 23:26:01.235301
192.168.0.77,101.51609116387452,9.359671387209376,424.10631266595954,2025-07-31 23:26:01.235301
192.168.0.78,86.45676576975777,14.472178410549855,482.1485399596695,2025-07-31 23:26:01.235301
192.168.0.79,119.50239466835502,10.446002371606335,544.5191581759893,2025-07-31 23:26:01.235301
192.168.0.80,97.05885236995722,8.988742086645882,528.7602508053283,2025-07-31 23:26:01.235301
192.168.0.81,83.49005606414977,8.159792009377181,525.0332860690605,2025-07-31 23:26:01.235301
192.168.0.82,93.57228316694014,9.092590940535615,502.488684359048,2025-07-31 23:26:01.235301
192.168.0.83,108.25862908551248,8.835469544376313,500.3531579314088,2025-07-31 23:26:01.235301
192.168.0.84,88.7255089439205,10.511248667126463,466.98394302632767,2025-07-31 23:26:01.235301
192.168.0.85,83.55559208867137,10.481721943149594,534.9414210101268,2025-07-31 23:26:01.235301
192.168.0.86,104.87374422983825,10.009138060460243,521.0486472194694,2025-07-31 23:26:01.235301
192.168.0.87,104.89933142217446,11.31081450923905,524.60094239964,2025-07-31 23:26:01.235301
192.168.0.88,89.8611364925774,13.571938824359023,473.69825786662096,2025-07-31 23:26:01.235301
192.168.0.89,90.57923388763355,12.848662406323971,392.3328540064378,2025-07-31 23:26:01.235301
192.168.0.90,104.64099874715272,5.5453060946502895,554.8576355876847,2025-07-31 23:26:01.235301
192.168.0.91,71.03831317005351,2.338236595294136,476.0581271995798,2025-07-31 23:26:01.235301
192.168.0.92,71.8507245124689,12.80295973371782,456.86121179784396,2025-07-31 23:26:01.235301
192.168.0.93,85.63111557495128,5.899363904753737,534.6739455956997,2025-07-31 23:26:01.235301
192.168.0.94,95.73105696576306,9.32570379432195,480.39936800404354,2025-07-31 23:26:01.235301
192.168.0.95,106.2181513119601,6.489660921821922,552.996819202331,2025-07-31 23:26:01.235301
192.168.0.96,129.50712433899105,4.594058687259941,530.8502974788348,2025-07-31 23:26:01.235301
192.168.0.97,117.15319246404039,11.624388184614364,534.1784661600238,2025-07-31 23:26:01.235301
192.168.0.98,96.80122940073146,12.27746548090794,431.7022144399733,2025-07-31 23:26:01.235301
192.168.0.99,99.61967584194622,8.270468797819841,560.5971992693201,2025-07-31 23:26:01.235301
192.168.0.100,79.94941270724382,2.2268731235652703,513.0625265616928,2025-07-31 23:26:01.235301
192.168.0.101,99.6297372801522,8.361266655242552,481.53614303768984,2025-07-31 23:26:01.235301
192.168.0.102,94.22682722159723,11.17541201620764,507.16942336711253,2025-07-31 23:26:01.235301
192.168.0.103,106.45437120676179,5.563265293677613,411.18823835508397,2025-07-31 23:26:01.235301
192.168.0.104,83.45538112895355,10.550079759337468,520.4326405740335,2025-07-31 23:26:01.235301
192.168.0.105,110.38693028482345,9.954070452481014,448.53142459089645,2025-07-31 23:26:01.235301
192.168.0.106,130.65477826005156,11.737874498803265,432.36648570782324,2025-07-31 23:26:01.235301
192.168.0.107,97.82479703086285,10.35874110524246,423.88204068910545,2025-07-31 23:26:01.235301
192.168.0.108,108.03423444197882,7.080793177355334,555.6344187494963,2025-07-31 23:26:01.235301
192.168.0.109,113.80287983422225,13.589714504993474,468.5368303153606,2025-07-31 23:26:01.235301
192.168.0.110,91.97559056228327,9.52441128091909,576.686385495825,2025-07-31 23:26:01.235301
192.168.0.111,104.48184963620834,9.918086381470204,473.20992684738513,2025-07-31 23:26:01.235301
192.168.0.112,100.2518480156359,7.200196122780412,414.63210212035267,2025-07-31 23:26:01.235301
192.168.0.113,101.95352197097664,8.67015324642547,444.173778002567,2025-07-31 23:26:01.235301
192.168.0.114,84.53980432289067,7.345591857919297,561.790581000347,2025-07-31 23:26:01.235301
192.168.0.115,100.49020348517885,9.481161820229731,492.20509110316664,2025-07-31 23:26:01.235301
192.168.0.116,109.95996582490899,15.13512544042703,472.58563517547,2025-07-31 23:26:01.235301
192.168.0.117,129.02287215590084,5.884296571205931,508.0009112926394,2025-07-31 23:26:01.235301
192.168.0.118,119.18541652170414,5.159315806369777,525.0891368083772,2025-07-31 23:26:01.235301
192.168.0.119,143.06364915023113,14.413510982480826,555.8699407951231,2025-07-31 23:26:01.235301
192.168.0.120,84.65304874223901,9.372028968544402,572.4249614946464,2025-07-31 23:26:01.235301
192.168.0.121,117.44641273441357,7.99278178402025,482.0115677105457,2025-07-31 23:26:01.235301
192.168.0.122,103.66684011476704,13.11971406218823,433.6976156958981,2025-07-31 23:26:01.235301
192.168.0.123,143.79605866435344,8.183153380789408,479.32674194383617,2025-07-31 23:26:01.235301
192.168.0.124,83.83403429289697,15.478029140640809,513.0140253291443,2025-07-31 23:26:01.235301
192.168.0.125,83.20556315638447,12.033777614017808,451.81205368946945,2025-07-31 23:26:01.235301
192.168.0.126,88.01214709111956,8.536265775562892,452.14245425524786,2025-07-31 23:26:01.235301
192.168.0.127,57.52208551380386,16.471924639796512,517.1893940774943,2025-07-31 23:26:01.235301
192.168.0.128,89.48489956638478,8.182855230989984,497.5673824214774,2025-07-31 23:26:01.235301
192.168.0.129,84.81734676892604,12.226286116027921,501.6398497705793,2025-07-31 23:26:01.235301
192.168.0.130,103.00787572952416,10.897877741219476,462.07523326499654,2025-07-31 23:26:01.235301
192.168.0.131,106.83511951554318,13.905223868196394,488.47996428971163,2025-07-31 23:26:01.235301
192.168.0.132,137.52341678431773,14.684533590180557,453.7883427865848,2025-07-31 23:26:01.235301
192.168.0.133,119.008476763721,10.0960124471973,544.5099205562393,2025-07-31 23:26:01.235301
192.168.0.134,88.46192688675194,7.73974638896145,551.7624667361877,2025-07-31 23:26:01.235301
192.168.0.135,82.03170657303284,11.37991642881735,407.6906068880953,2025-07-31 23:26:01.235301
192.168.0.136,109.83838343013011,7.966853890743682,453.5244569903795,2025-07-31 23:26:01.235301
192.168.0.137,73.59533585958715,16.04016174257987,425.17353724549605,2025-07-31 23:26:01.235301
192.168.0.138,136.62917531708706,10.409605993248212,467.4988032796551,2025-07-31 23:26:01.235301
192.168.0.139,123.58880241442574,8.904035346063674,495.82810151048193,2025-07-31 23:26:01.235301
192.168.0.140,90.6164869579059,10.554040917594726,427.5177390150735,2025-07-31 23:26:01.235301
192.168.0.141,65.73730941818245,5.9586211314109105,453.90700934373433,2025-07-31 23:26:01.235301
192.168.0.142,127.07744748330825,7.085157884468045,449.8021313959251,2025-07-31 23:26:01.235301
192.168.0.143,97.70920309494764,13.601241723833276,510.3633664699472,2025-07-31 23:26:01.235301
192.168.0.144,124.75632623946923,8.029317163085812,503.4672168518125,2025-07-31 23:26:01.235301
192.168.0.145,68.11144682411266,6.859267051954181,463.9131223331373,2025-07-31 23:26:01.235301
192.168.0.146,88.01249954092454,11.609958257581859,508.8410436069699,2025-07-31 23:26:01.235301
192.168.0.147,100.10487399436366,13.557112463988991,472.66599577063675,2025-07-31 23:26:01.235301
192.168.0.148,100.93961187529484,12.1568599319952,486.41724448369735,2025-07-31 23:26:01.235301
192.168.0.149,90.99869057041512,12.98814305741745,583.6726045149269,2025-07-31 23:26:01.235301
192.168.0.150,112.45699864694997,7.7296147342916175,567.0230525895174,2025-07-31 23:26:01.235301
192.168.0.151,78.6475914123481,5.734567999774469,435.02093815362014,2025-07-31 23:26:01.235301
192.168.0.152,97.15241029957413,14.50400095586646,541.4866208939587,2025-07-31 23:26:01.235301
192.168.0.153,102.40591263423798,9.031960483473593,540.5698277245796,2025-07-31 23:26:01.235301
192.168.0.154,110.28877668117498,9.247500950634858,442.58683556236906,2025-07-31 23:26:01.235301
192.168.0.155,114.2322975617778,13.984582425547174,540.938882187743,2025-07-31 23:26:01.235301
192.168.0.156,77.50715816324262,11.66869002820198,576.8965959206276,2025-07-31 23:26:01.235301
192.168.0.157,69.31771658528756,11.367663316244823,443.8727596877793,2025-07-31 23:26:01.235301
192.168.0.158,125.55353643797018,16.495007034703253,454.1248589492868,2025-07-31 23:26:01.235301
192.168.0.159,106.64628023959183,8.06944530885957,550.8830733421751,2025-07-31 23:26:01.235301
192.168.0.160,85.03026926886892,12.783520384243712,513.5747655412824,2025-07-31 23:26:01.235301
192.168.0.161,131.02303951045047,10.171039374691254,527.5738137619761,2025-07-31 23:26:01.235301
192.168.0.162,102.31349268585717,10.805776836589772,517.0294608200248,2025-07-31 23:26:01.235301
192.168.0.163,123.58594368127653,14.585405279237595,519.5347960464072,2025-07-31 23:26:01.235301
192.168.0.164,101.35036962820217,11.52350726886887,433.67639358444586,2025-07-31 23:26:01.235301
192.168.0.165,141.21495849763974,11.614888237148898,552.3658853310724,2025-07-31 23:26:01.235301
192.168.0.166,135.10681684886407,13.217522011929407,558.4794996213886,2025-07-31 23:26:01.235301
192.168.0.167,95.02071703041852,8.905141811371344,488.5304627965986,2025-07-31 23:26:01.235301
192.168.0.168,119.43141901908712,7.482370997982981,497.8261525093069,2025-07-31 23:26:01.235301
192.168.0.169,112.90751899170294,6.8655724179368995,423.4446248722139,2025-07-31 23:26:01.235301
192.168.0.170,127.37263115064698,4.1009302318719945,525.7127378008918,2025-07-31 23:26:01.235301
192.168.0.171,80.70153078839792,16.168621389820967,528.6028720857072,2025-07-31 23:26:01.235301
192.168.0.172,113.72102919996878,6.69037490283495,496.89044915003444,2025-07-31 23:26:01.235301
192.168.0.173,121.16848973699176,9.336239129242685,556.2176679935251,2025-07-31 23:26:01.235301
192.168.0.174,64.82521027153771,9.169560100333237,483.296138451003,2025-07-31 23:26:01.235301
192.168.0.175,76.3348297466845,10.922220093427303,528.23029629468,2025-07-31 23:26:01.235301
192.168.0.176,59.21535644479799,12.44721163761789,449.01678306539424,2025-07-31 23:26:01.235301
192.168.0.177,94.61186331110885,12.581420465079237,498.82239245628807,2025-07-31 23:26:01.235301
192.168.0.178,114.35084511591924,8.250767684293184,491.2822871048582,2025-07-31 23:26:01.235301
192.168.0.179,130.04714104192055,9.498634858640765,511.2653961020471,2025-07-31 23:26:01.235301
192.168.0.180,101.4818956083955,10.8477398514649,481.52365355833206,2025-07-31 23:26:01.235301
192.168.0.181,132.57231091142583,9.25392662144936,493.4263702164166,2025-07-31 23:26:01.235301
192.168.0.182,72.39797083570217,14.822036728059977,541.3023585720753,2025-07-31 23:26:01.235301
192.168.0.183,65.9323512128969,11.472924854914755,478.16178813808915,2025-07-31 23:26:01.235301
192.168.0.184,98.88904602206762,12.204633358149453,419.671144963066,2025-07-31 23:26:01.235301
192.168.0.185,107.68130897878615,11.988643806002237,587.479195210271,2025-07-31 23:26:01.235301
192.168.0.186,99.34610503811814,13.520421572455975,569.0727039345243,2025-07-31 23:26:01.235301
192.168.0.187,58.65115799920247,10.54306467611112,435.38686524471905,2025-07-31 23:26:01.235301
192.168.0.188,98.21759920974424,6.10950415613246,534.4853902622597,2025-07-31 23:26:01.235301
192.168.0.189,73.91060998990294,11.199063855257926,474.85126147243284,2025-07-31 23:26:01.235301
192.168.0.190,113.39345097660077,8.045929318624513,513.1743607665529,2025-07-31 23:26:01.235301
192.168.0.191,107.33196492193696,8.41414995475073,514.7112064506747,2025-07-31 23:26:01.235301
192.168.0.192,81.2024042734529,11.75909205626528,488.2796099841839,2025-07-31 23:26:01.235301
192.168.0.193,89.72266165326613,13.714849214300907,460.8117167206802,2025-07-31 23:26:01.235301
192.168.0.194,78.81572956222097,10.063814730208184,465.472947384187,2025-07-31 23:26:01.235301
192.168.0.195,98.74641805453656,10.92649903779689,454.19040422593787,2025-07-31 23:26:01.235301
192.168.0.196,119.10284641002477,15.106644833905714,458.4088895884778,2025-07-31 23:26:01.235301
192.168.0.197,80.28547907328912,10.722259538465705,496.64108549753223,2025-07-31 23:26:01.235301
192.168.0.198,110.08093031035689,17.805049342541185,464.2120005444624,2025-07-31 23:26:01.235301
192.168.0.199,89.39484763255118,11.696528936894632,534.102603285631,2025-07-31 23:26:01.235301
192.168.0.200,84.14254335475312,4.717711722532547,574.3623077667963,2025-07-31 23:26:01.235301
192.168.0.201,97.85939280090885,12.260024863313598,470.99733793149784,2025-07-31 23:26:01.235301
192.168.0.202,79.29515355161251,11.143475154648334,511.97022502676884,2025-07-31 23:26:01.235301
192.168.0.203,88.92701389305635,13.869258262248238,524.9842555151467,2025-07-31 23:26:01.235301
192.168.0.204,76.04244214822303,12.019544053809875,523.6001135459637,2025-07-31 23:26:01.235301
192.168.0.205,139.2945026583278,9.584632048048679,503.7977633958044,2025-07-31 23:26:01.235301
192.168.0.206,100.70527103943458,6.327105291131903,537.1341209179861,2025-07-31 23:26:01.235301
192.168.0.207,86.00548984014829,9.372930228141925,524.1124476340328,2025-07-31 23:26:01.235301
192.168.0.208,104.27959821468444,7.448438637372099,438.1168788836351,2025-07-31 23:26:01.235301
192.168.0.209,97.7534390061834,8.258429650585832,543.4578032194637,2025-07-31 23:26:01.235301
192.168.0.210,95.58060800933553,11.765735213261829,544.3645418633371,2025-07-31 23:26:01.235301
192.168.0.211,112.2833340008685,15.00971351305422,461.8356947910709,2025-07-31 23:26:01.235301
192.168.0.212,115.1501542009461,11.184014589468944,501.8968917723801,2025-07-31 23:26:01.235301
192.168.0.213,89.38997704778944,6.412350813894447,534.1664496405534,2025-07-31 23:26:01.235301
192.168.0.214,88.4836351871064,11.333808004660423,489.5343090210319,2025-07-31 23:26:01.235301
192.168.0.215,94.49896605696712,13.589894459936954,553.6489023883006,2025-07-31 23:26:01.235301
192.168.0.216,53.9615767052883,8.170651287041853,618.193624730968,2025-07-31 23:26:01.235301
192.168.0.217,69.69617875602896,9.597948499981246,460.70069836825087,2025-07-31 23:26:01.235301
192.168.0.218,127.3374853488905,10.044064584187591,430.94776984231123,2025-07-31 23:26:01.235301
192.168.0.219,132.89935427002567,7.64530506075328,515.1909297802438,2025-07-31 23:26:01.235301
192.168.0.220,95.01927920887243,11.944841301531577,536.0781252563072,2025-07-31 23:26:01.235301
192.168.0.221,111.53113926111533,9.637155554176655,488.4566813077615,2025-07-31 23:26:01.235301
192.168.0.222,106.22500309087073,11.258597331721083,572.6630331660517,2025-07-31 23:26:01.235301
192.168.0.223,161.57761616910477,7.3375234665937,433.06971001383755,2025-07-31 23:26:01.235301
192.168.0.224,122.39149822869153,8.687625099029768,534.6459311515805,2025-07-31 23:26:01.235301
192.168.0.225,97.44164817038467,12.167144073483314,469.70695896205535,2025-07-31 23:26:01.235301
192.168.0.226,80.88919118799149,8.881500543724698,585.9688953103648,2025-07-31 23:26:01.235301
192.168.0.227,67.87107359484855,15.180891553700215,599.625767658406,2025-07-31 23:26:01.235301
192.168.0.228,104.06927271734446,8.801091443156192,461.6671706108326,2025-07-31 23:26:01.235301
192.168.0.229,84.87298509431393,10.674054177255657,472.52214320457097,2025-07-31 23:26:01.235301
192.168.0.230,71.55492580804652,12.79777249561927,542.9793943489901,2025-07-31 23:26:01.235301
192.168.0.231,87.06854231514947,5.7449028012009045,480.64346751052426,2025-07-31 23:26:01.235301
192.168.0.232,78.3690399277121,4.717573564057672,497.7294391033881,2025-07-31 23:26:01.235301
192.168.0.233,133.74283270145128,5.423031056289716,501.26942102712053,2025-07-31 23:26:01.235301
192.168.0.234,117.63279513898901,13.787752310281547,404.0163421901172,2025-07-31 23:26:01.235301
192.168.0.235,99.84054717366766,8.344425562322659,499.3081126952881,2025-07-31 23:26:01.235301
192.168.0.236,129.59888277780053,17.674597857004755,465.5136112967913,2025-07-31 23:26:01.235301
192.168.0.237,101.54736615295236,8.307257204027835,475.3438588800114,2025-07-31 23:26:01.235301
192.168.0.238,82.77431597343472,10.55365390959111,572.1816001734408,2025-07-31 23:26:01.235301
192.168.0.239,130.46248154539313,14.626329857703627,437.1746552860372,2025-07-31 23:26:01.235301
192.168.0.240,110.77820087369318,16.018278664477368,540.6602593373989,2025-07-31 23:26:01.235301
192.168.0.241,79.25507691347087,16.184510729909192,486.05185348340956,2025-07-31 23:26:01.235301
192.168.0.242,96.19322643832784,13.625098691779428,486.0119915752083,2025-07-31 23:26:01.235301
192.168.0.243,82.48763493230486,13.072187577434388,539.5185948025855,2025-07-31 23:26:01.235301
192.168.0.244,72.34400538071327,11.777580847603549,517.0025647284446,2025-07-31 23:26:01.235301
192.168.0.245,118.52355095063282,12.335083228499913,528.5306498609765,2025-07-31 23:26:01.235301
192.168.0.246,138.1883328094026,8.3464428510144,548.409233026643,2025-07-31 23:26:01.235301
192.168.0.247,72.02864852361718,7.545403349733078,483.43458084083386,2025-07-31 23:26:01.235301
192.168.0.248,111.25938473381142,9.989876627767144,469.3881632746125,2025-07-31 23:26:01.235301
192.168.0.249,86.98714861756346,9.489446132425215,445.7424736721101,2025-07-31 23:26:01.235301
192.168.0.250,90.25749232470608,8.640315852018174,458.7294735010522,2025-07-31 23:26:01.235301
192.168.0.251,88.15212151522262,12.089162342370146,647.4547212654363,2025-07-31 23:26:01.235301
192.168.0.252,82.72018460640368,12.865915625711532,562.2339790368393,2025-07-31 23:26:01.235301
192.168.0.253,100.97043255889653,10.265220658875542,432.44628168959895,2025-07-31 23:26:01.235301
192.168.0.254,83.38099767177924,14.432590243165786,433.8771021628215,2025-07-31 23:26:01.235301
192.168.0.0,105.40913651559677,6.574932657599485,524.0933030859246,2025-07-31 23:26:01.235301
192.168.0.1,98.99523781101726,9.419021622160846,527.3632398688983,2025-07-31 23:26:01.235301
192.168.0.2,95.2210390626718,7.849533038191585,527.4441917658683,2025-07-31 23:26:01.235301
192.168.0.3,81.84872675916804,4.40039014878082,487.25221032231514,2025-07-31 23:26:01.235301
192.168.0.4,88.46457338863334,9.751957942471902,493.727286999855,2025-07-31 23:26:01.235301
192.168.0.5,115.10782451651512,9.634757474850149,516.3939762079679,2025-07-31 23:26:01.235301
192.168.0.6,110.01834375248761,14.540349229726393,504.2946503146665,2025-07-31 23:26:01.235301
192.168.0.7,80.44889510402898,11.892435053664332,389.0349813626232,2025-07-31 23:26:01.235301
192.168.0.8,101.98664610858452,6.927439527012385,488.5100184712403,2025-07-31 23:26:01.235301
192.168.0.9,115.02774246743579,15.562277699002564,457.4296782869843,2025-07-31 23:26:01.235301
192.168.0.10,66.61189437757257,13.66310108657606,508.7605709454256,2025-07-31 23:26:01.235301
192.168.0.11,110.8672038475987,11.746293110405848,649.2629501301706,2025-07-31 23:26:01.235301
192.168.0.12,86.74752482108306,9.320547703450504,518.3740832737152,2025-07-31 23:26:01.235301
192.168.0.13,111.41197337186318,7.121682289829561,484.3235156913801,2025-07-31 23:26:01.235301
192.168.0.14,84.73481686914967,8.883379671786841,546.0900750988626,2025-07-31 23:26:01.235301
192.168.0.15,63.90235798670962,13.266245859112558,524.1343943604606,2025-07-31 23:26:01.235301
192.168.0.16,67.44915124233674,15.653758917803827,521.004724522592,2025-07-31 23:26:01.235301
192.168.0.17,100.96169893322764,14.629730584816567,530.3425296607835,2025-07-31 23:26:01.235301
192.168.0.18,105.19445003442964,8.533451734641178,602.8271782414771,2025-07-31 23:26:01.235301
192.168.0.19,81.91366749791183,6.641147700132967,443.4555782337042,2025-07-31 23:26:01.235301
192.168.0.20,112.77184917554747,10.422658740733612,523.6816038405727,2025-07-31 23:26:01.235301
192.168.0.21,66.7695987546208,4.694681903311445,453.6809435009231,2025-07-31 23:26:01.235301
192.168.0.22,98.67840402705367,10.969503142554345,527.7756323171125,2025-07-31 23:26:01.235301
192.168.0.23,75.77967600475087,9.557192241103994,454.0656744256953,2025-07-31 23:26:01.235301
192.168.0.24,86.96327784395682,8.601890494395274,479.1316593197458,2025-07-31 23:26:01.235301
192.168.0.25,100.94797342632828,5.215890798199614,485.2455042881047,2025-07-31 23:26:01.235301
192.168.0.26,82.79173269432096,11.540800319709149,548.7908359672355,2025-07-31 23:26:01.235301
192.168.0.27,92.30888911540349,8.401897481014267,545.9227221971207,2025-07-31 23:26:01.235301
192.168.0.28,120.1258561842888,6.490249492869136,437.71413117768077,2025-07-31 23:26:01.235301
192.168.0.29,88.46216260953702,1.383213360155052,502.74670554999244,2025-07-31 23:26:01.235301
192.168.0.30,116.71384224130284,9.91745528484809,464.5210072625414,2025-07-31 23:26:01.235301
192.168.0.31,77.40586290684763,15.316754790009233,437.0747544662333,2025-07-31 23:26:01.235301
192.168.0.32,110.59608355830565,14.98377764364361,489.14914747878146,2025-07-31 23:26:01.235301
192.168.0.33,128.83137241315802,8.628711230241183,484.575860577209,2025-07-31 23:26:01.235301
192.168.0.34,50.56710999745421,8.193363818914658,621.3358243172761,2025-07-31 23:26:01.235301
192.168.0.35,84.06209489059046,11.40632276822507,521.6479912680348,2025-07-31 23:26:01.235301
192.168.0.36,111.5414425436108,7.0048436824351255,431.11912496228814,2025-07-31 23:26:01.235301
192.168.0.37,95.93909227914014,10.905375699458398,471.76129979145287,2025-07-31 23:26:01.235301
192.168.0.38,107.42291746742617,12.298240835154072,551.0691647714699,2025-07-31 23:26:01.235301
192.168.0.39,87.92029626568359,13.680799671652924,604.4221386434963,2025-07-31 23:26:01.235301
192.168.0.40,101.731795749458,9.699537770560141,420.70083438810207,2025-07-31 23:26:01.235301
192.168.0.41,96.88645529215842,9.388978749469102,406.00378074304774,2025-07-31 23:26:01.235301
192.168.0.42,123.35564123319614,7.366052239730317,593.5482587685891,2025-07-31 23:26:01.235301
192.168.0.43,105.08841686602426,7.51935893788042,519.4807088685452,2025-07-31 23:26:01.235301
192.168.0.44,106.75205324150404,9.32056332429542,456.58536340618167,2025-07-31 23:26:01.235301
192.168.0.45,91.76246067755065,11.102096520448534,526.7314543061218,2025-07-31 23:26:01.235301
192.168.0.46,90.24787551855013,12.74075387869975,368.2126130491561,2025-07-31 23:26:01.235301
192.168.0.47,91.34883624360758,7.590463147958966,500.168775329858,2025-07-31 23:26:01.235301
192.168.0.48,107.88904284756593,14.478065706878565,516.3910586421542,2025-07-31 23:26:01.235301
192.168.0.49,91.58031038359474,9.186629196872294,546.2135069768915,2025-07-31 23:26:01.235301
192.168.0.50,105.79549713792827,9.935898116954691,449.3052023853731,2025-07-31 23:26:01.235301
192.168.0.51,141.50801597290877,7.75836496255653,504.28435807016797,2025-07-31 23:26:01.235301
192.168.0.52,117.42249406863385,2.7272792191811757,453.72876869702066,2025-07-31 23:26:01.235301
192.168.0.53,93.47952935664318,12.65213618908315,512.7691877837159,2025-07-31 23:26:01.235301
192.168.0.54,124.02427844327889,12.2105316912773,455.2326838818488,2025-07-31 23:26:01.235301
192.168.0.55,91.83849253956897,9.15601732864536,479.59495804198895,2025-07-31 23:26:01.235301
192.168.0.56,59.23750929644292,10.200972151674616,450.20923026048854,2025-07-31 23:26:01.235301
192.168.0.57,79.83827378165192,11.547817653112299,532.5568120911828,2025-07-31 23:26:01.235301
192.168.0.58,62.58416157948289,5.3123624293403715,542.9225558328333,2025-07-31 23:26:01.235301
192.168.0.59,92.96973031917383,8.412841967961116,488.2689715021293,2025-07-31 23:26:01.235301
192.168.0.60,100.36836758379103,12.38279403886548,501.9118997480014,2025-07-31 23:26:01.235301
192.168.0.61,133.52874624550566,6.237131730492251,427.5704292683228,2025-07-31 23:26:01.235301
192.168.0.62,106.53854747528325,10.880673796499888,485.01616759966066,2025-07-31 23:26:01.235301
192.168.0.63,95.61798942382272,5.930254586129784,497.48976914791274,2025-07-31 23:26:01.235301
192.168.0.64,116.58811162366979,11.399289947300579,631.0396545514988,2025-07-31 23:26:01.235301
192.168.0.65,55.7772938198423,9.893075553107549,444.40164871129184,2025-07-31 23:26:01.235301
192.168.0.66,104.71229116217131,5.154604552283471,573.2088619376219,2025-07-31 23:26:01.235301
192.168.0.67,115.41730387773933,13.494218063371514,549.8429386732904,2025-07-31 23:26:01.235301
192.168.0.68,70.42827508440317,7.796225269605852,514.0318202245069,2025-07-31 23:26:01.235301
192.168.0.69,122.87508086413858,7.569242688956857,587.9310242097566,2025-07-31 23:26:01.235301
192.168.0.70,106.76992814988829,10.60170759169283,518.6052736303432,2025-07-31 23:26:01.235301
192.168.0.71,91.69424172198397,13.445912048286147,519.4579597833964,2025-07-31 23:26:01.235301
192.168.0.72,112.6556373221257,6.952534543064809,497.34396734912275,2025-07-31 23:26:01.235301
192.168.0.73,145.41385715608791,10.185039549543914,561.1784441209313,2025-07-31 23:26:01.235301
192.168.0.74,103.6373251011699,11.286449500991719,554.8234616905441,2025-07-31 23:26:01.235301
192.168.0.75,104.96441172600672,12.079316821789433,468.7161356251894,2025-07-31 23:26:01.235301
192.168.0.76,90.81278200919512,10.529324665831675,434.0376402700616,2025-07-31 23:26:01.235301
192.168.0.77,83.00311261070416,8.898916482750034,489.85096813021715,2025-07-31 23:26:01.235301
192.168.0.78,116.60671633088491,7.517229338053841,459.9980717801177,2025-07-31 23:26:01.235301
192.168.0.79,82.87832348182266,10.258431649139125,496.8237712692322,2025-07-31 23:26:01.235301
192.168.0.80,101.43132474438785,6.7835829640431795,561.871906734207,2025-07-31 23:26:01.235301
192.168.0.81,90.44685106469767,1.235948549516177,477.1349172456605,2025-07-31 23:26:01.235301
192.168.0.82,109.57959651492784,11.309679412473002,497.85883093442123,2025-07-31 23:26:01.235301
192.168.0.83,106.67324210573896,12.711804523258586,502.90113674041976,2025-07-31 23:26:01.235301
192.168.0.84,120.75079888515799,2.9112026933744843,542.4215441102642,2025-07-31 23:26:01.235301
192.168.0.85,89.79967202290506,6.970807885870188,387.6555333007697,2025-07-31 23:26:01.235301
192.168.0.86,94.60250129413258,11.857462783015594,469.6649852617352,2025-07-31 23:26:01.235301
192.168.0.87,80.42472568435386,16.172486409135097,510.5641846139736,2025-07-31 23:26:01.235301
192.168.0.88,91.11413479847776,10.062381123026224,560.0039478213431,2025-07-31 23:26:01.235301
192.168.0.89,107.54600986089704,7.815991176312597,475.40487762468973,2025-07-31 23:26:01.235301
192.168.0.90,115.13977233290704,9.45131067668548,406.1723646979063,2025-07-31 23:26:01.235301
192.168.0.91,81.5566935164475,14.124629257444553,530.9855722983068,2025-07-31 23:26:01.235301
192.168.0.92,117.3921184021132,8.062107462626393,468.23188055871856,2025-07-31 23:26:01.235301
192.168.0.93,127.11275717609902,7.602423980049239,440.51666704548194,2025-07-31 23:26:01.235301
192.168.0.94,108.26869806447402,8.551769433453902,468.7827305143388,2025-07-31 23:26:01.235301
192.168.0.95,137.53591625116132,7.140014175223863,490.77373211720754,2025-07-31 23:26:01.235301
192.168.0.96,84.52421601792854,10.368010947984386,469.76276677308937,2025-07-31 23:26:01.235301
192.168.0.97,75.10690593377166,14.874035375408681,389.72169714504656,2025-07-31 23:26:01.235301
192.168.0.98,64.42559502191443,10.969237819348088,544.8533098443567,2025-07-31 23:26:01.235301
192.168.0.99,129.92088622978366,9.242939493621137,563.7437520639361,2025-07-31 23:26:01.235301
192.168.0.100,113.08731312708116,9.124566193253369,532.5760995669752,2025-07-31 23:26:01.235301
192.168.0.101,98.8883065817909,5.310427573910029,443.11571647875917,2025-07-31 23:26:01.235301
192.168.0.102,105.59937252639641,12.649329331441477,489.9254233026241,2025-07-31 23:26:01.235301
192.168.0.103,77.49021905403247,9.766488408961594,499.6739342385271,2025-07-31 23:26:01.235301
192.168.0.104,148.91503959233654,9.458560259228124,529.9397194780955,2025-07-31 23:26:01.235301
192.168.0.105,102.58442363950455,19.579322703534583,533.4170244359041,2025-07-31 23:26:01.235301
192.168.0.106,102.18789589209786,10.89625872509706,463.2913100610752,2025-07-31 23:26:01.235301
192.168.0.107,114.51533247797384,7.744626849714447,504.099777820678,2025-07-31 23:26:01.235301
192.168.0.108,109.62018463473427,8.72092721138337,522.8640202307621,2025-07-31 23:26:01.235301
192.168.0.109,104.47768048558262,13.445337127590264,572.7911161073383,2025-07-31 23:26:01.235301
192.168.0.110,84.19051089109377,10.339811231613293,535.2253269912362,2025-07-31 23:26:01.235301
192.168.0.111,109.42936714271991,5.6851660650479,539.4528343687759,2025-07-31 23:26:01.235301
192.168.0.112,137.6404899295007,12.75768680372561,504.19133139646806,2025-07-31 23:26:01.235301
192.168.0.113,126.90840092309955,7.995567743383019,570.5229572601752,2025-07-31 23:26:01.235301
192.168.0.114,131.86373253278794,15.619893328652637,520.4881397979749,2025-07-31 23:26:01.235301
192.168.0.115,89.7756864713763,13.240144197143945,456.9456044913215,2025-07-31 23:26:01.235301
192.168.0.116,80.20790359482838,8.658034313023746,570.1684985062595,2025-07-31 23:26:01.235301
192.168.0.117,97.48426159800704,13.843049085205338,534.8951636269513,2025-07-31 23:26:01.235301
192.168.0.118,101.11449824577389,10.20356653158221,477.84779894357587,2025-07-31 23:26:01.235301
192.168.0.119,121.88383036941897,12.55832102536666,476.02535163003785,2025-07-31 23:26:01.235301
192.168.0.120,66.15070740570361,11.454198451883425,514.828777257038,2025-07-31 23:26:01.235301
192.168.0.121,130.59100638921228,7.4609300350273795,523.1592397633792,2025-07-31 23:26:01.235301
192.168.0.122,96.83984202842021,8.069350503047614,509.8646132815603,2025-07-31 23:26:01.235301
192.168.0.123,91.4623786010516,13.089882452743485,515.5654336721442,2025-07-31 23:26:01.235301
192.168.0.124,79.75791249479664,8.995674003680378,584.9978687288191,2025-07-31 23:26:01.235301
192.168.0.125,66.90286656268461,8.78905461027401,553.5771576117443,2025-07-31 23:26:01.235301
192.168.0.126,116.46341167923829,7.134632261951941,509.53177956325123,2025-07-31 23:26:01.235301
192.168.0.127,101.46635934376808,11.270797196780382,547.0655290383742,2025-07-31 23:26:01.235301
192.168.0.128,74.20078200517892,16.187574757729436,448.373804823623,2025-07-31 23:26:01.235301
192.168.0.129,74.09842455872769,6.797401257237182,519.8963524973404,2025-07-31 23:26:01.235301
192.168.0.130,93.28430601419744,10.072658370018274,590.4653174866555,2025-07-31 23:26:01.235301
192.168.0.131,133.38043050578784,14.236661666246288,489.0977052303813,2025-07-31 23:26:01.235301
192.168.0.132,94.8081729727279,9.761075826262855,457.61830356904574,2025-07-31 23:26:01.235301
192.168.0.133,69.93714093763788,11.357115388749202,467.39555557034697,2025-07-31 23:26:01.235301
192.168.0.134,95.08513871828112,6.81281941555936,445.5183481328806,2025-07-31 23:26:01.235301
192.168.0.135,94.54552860504658,11.284921291622945,460.7619045936148,2025-07-31 23:26:01.235301
192.168.0.136,46.06226714116857,9.438567204986354,481.47459507049854,2025-07-31 23:26:01.235301
192.168.0.137,98.91410266964375,12.95718998703959,429.7216490410679,2025-07-31 23:26:01.235301
192.168.0.138,95.38130939582643,13.562158154694254,500.78091669748017,2025-07-31 23:26:01.235301
192.168.0.139,113.92412729626837,17.76869092605584,545.1138586893323,2025-07-31 23:26:01.235301
192.168.0.140,136.9791218989069,11.738899519640727,454.61219099265395,2025-07-31 23:26:01.235301
192.168.0.141,122.53130059095514,10.9773889497465,575.9641961820885,2025-07-31 23:26:01.235301
192.168.0.142,94.62222618890338,10.583152904732009,525.5396044263797,2025-07-31 23:26:01.235301
192.168.0.143,77.86948182516659,8.940501121567936,551.5290292812028,2025-07-31 23:26:01.235301
192.168.0.144,151.4671960649972,11.015451530385073,467.1082723073931,2025-07-31 23:26:01.235301
192.168.0.145,101.18436868028977,9.11379576958291,542.7262613533308,2025-07-31 23:26:01.235301
192.168.0.146,100.27858583825892,10.505382928808842,445.40330498023434,2025-07-31 23:26:01.235301
192.168.0.147,99.51749825779993,13.952792606823879,544.5123750418254,2025-07-31 23:26:01.235301
192.168.0.148,103.9616952153571,6.980372304161077,508.59196698967656,2025-07-31 23:26:01.235301
192.168.0.149,97.11279176152115,13.419635683387137,527.6625609992392,2025-07-31 23:26:01.235301
192.168.0.150,88.52675986239527,13.951345202019596,441.22026971875744,2025-07-31 23:26:01.235301
192.168.0.151,89.06282117519216,9.645794419026764,455.24650788616975,2025-07-31 23:26:01.235301
192.168.0.152,99.34493459568003,3.6344353029742162,529.8614109126693,2025-07-31 23:26:01.235301
192.168.0.153,89.1315045773247,8.176534038716703,452.58259978878993,2025-07-31 23:26:01.235301
192.168.0.154,85.74308434645671,13.890983639683327,523.1603146049562,2025-07-31 23:26:01.235301
192.168.0.155,102.12860455383793,9.931395813103354,431.6431096769877,2025-07-31 23:26:01.235301
192.168.0.156,94.90045565158289,7.0020933031152675,542.4087106333334,2025-07-31 23:26:01.235301
192.168.0.157,130.0798597716538,8.485675236315348,438.37383426157453,2025-07-31 23:26:01.235301
192.168.0.158,46.980603832139764,12.521860079513658,527.6149968839761,2025-07-31 23:26:01.235301
192.168.0.159,121.83013703844924,11.640200704604137,531.2815466823,2025-07-31 23:26:01.235301
192.168.0.160,124.92170384995258,9.283203702490917,465.1614090785213,2025-07-31 23:26:01.235301
192.168.0.161,58.53219535183701,8.899526764555937,529.1013283542363,2025-07-31 23:26:01.235301
192.168.0.162,93.14624811839303,8.824725552868534,513.0221131666779,2025-07-31 23:26:01.235301
192.168.0.163,92.57118268008418,7.232769446504492,473.0579071903631,2025-07-31 23:26:01.235301
192.168.0.164,71.84976610564357,14.846127068408325,449.5722657961896,2025-07-31 23:26:01.235301
192.168.0.165,84.4436662481825,9.03303859236598,401.86871541637106,2025-07-31 23:26:01.235301
192.168.0.166,77.78848309068343,13.65147556247649,517.4825023649847,2025-07-31 23:26:01.235301
192.168.0.167,135.04540886847246,14.563948155767354,421.75986143189726,2025-07-31 23:26:01.235301
192.168.0.168,118.71356786294922,12.99493269444388,504.7672099720654,2025-07-31 23:26:01.235301
192.168.0.169,125.43110189988317,8.705139061845856,486.8275891958875,2025-07-31 23:26:01.235301
192.168.0.170,114.4334412808647,11.211190271009828,533.9571387719097,2025-07-31 23:26:01.235301
192.168.0.171,77.41896457565542,9.927413180827251,484.8977250255068,2025-07-31 23:26:01.235301
192.168.0.172,89.50959467440452,7.288894417809615,483.52761068264545,2025-07-31 23:26:01.235301
192.168.0.173,109.78749122455837,10.97307784516481,536.5935352144148,2025-07-31 23:26:01.235301
192.168.0.174,75.55744382216109,6.462880626520592,516.7529014542059,2025-07-31 23:26:01.235301
192.168.0.175,114.25996860344776,13.563038165384691,515.8077978591389,2025-07-31 23:26:01.235301
192.168.0.176,95.1934920368373,8.60614810810482,523.4633794904263,2025-07-31 23:26:01.235301
192.168.0.177,92.50358384900805,10.603478967618518,423.2213938396447,2025-07-31 23:26:01.235301
192.168.0.178,114.21919936406982,10.849863614638426,537.8394339993491,2025-07-31 23:26:01.235301
192.168.0.179,108.8852662297208,9.223285078887768,530.6234397006801,2025-07-31 23:26:01.235301
192.168.0.180,92.7806766836184,11.760081404425824,449.1658435711751,2025-07-31 23:26:01.235301
192.168.0.181,123.18659606728497,8.575289030132426,487.7959763162899,2025-07-31 23:26:01.235301
192.168.0.182,78.37873344800205,12.613891892371733,498.03463561861844,2025-07-31 23:26:01.235301
192.168.0.183,112.31871213888527,5.962060959259754,493.2751607799134,2025-07-31 23:26:01.235301
192.168.0.184,111.86202515936768,10.379138738639236,516.6929983284267,2025-07-31 23:26:01.235301
192.168.0.185,93.80907121372019,15.816786997174855,571.5683390915592,2025-07-31 23:26:01.235301
192.168.0.186,106.52266044484236,6.999006026183276,554.0883363836415,2025-07-31 23:26:01.235301
192.168.0.187,74.97772847229393,7.966765088425445,434.3890403284297,2025-07-31 23:26:01.235301
192.168.0.188,118.48054038413802,11.541723548976744,531.1034995153025,2025-07-31 23:26:01.235301
192.168.0.189,96.30195727114022,10.538745345818795,566.4466659767704,2025-07-31 23:26:01.235301
192.168.0.190,89.54553958961921,11.051890297820677,519.3404260344602,2025-07-31 23:26:01.235301
192.168.0.191,120.98018451673778,11.46756139044299,554.5490212592983,2025-07-31 23:26:01.235301
192.168.0.192,85.91312618914482,11.904164405685309,600.6135222850382,2025-07-31 23:26:01.235301
192.168.0.193,71.83077407272881,13.32909952586867,551.1854773053491,2025-07-31 23:26:01.235301
192.168.0.194,68.86741652952193,11.229455970785537,512.4654297820864,2025-07-31 23:26:01.235301
192.168.0.195,112.12019902691279,9.276227036144373,552.2544237042376,2025-07-31 23:26:01.235301
192.168.0.196,74.39141295007434,12.017721103608194,507.24439165484455,2025-07-31 23:26:01.235301
192.168.0.197,135.0958836396873,15.699645804685646,501.19515216424776,2025-07-31 23:26:01.235301
192.168.0.198,58.36141184232556,9.602098760852279,482.4292882143134,2025-07-31 23:26:01.235301
192.168.0.199,133.92912736580075,7.076412085988076,578.1706679416054,2025-07-31 23:26:01.235301
192.168.0.200,104.22034934405237,13.321242007860919,459.07856670289993,2025-07-31 23:26:01.235301
192.168.0.201,98.06573776259215,9.638856508139206,576.6183862339058,2025-07-31 23:26:01.235301
192.168.0.202,89.10161826382101,3.481991361957892,524.9932061870186,2025-07-31 23:26:01.235301
192.168.0.203,107.98272228704141,12.542265031451265,430.03469125990296,2025-07-31 23:26:01.235301
192.168.0.204,99.24730595150304,8.394015442138231,518.382464649571,2025-07-31 23:26:01.235301
192.168.0.205,122.06603764033042,9.728400153087518,394.9986746174188,2025-07-31 23:26:01.235301
192.168.0.206,102.28455297324079,10.995940991707045,531.2754008415518,2025-07-31 23:26:01.235301
192.168.0.207,103.00603522923755,10.5714990393372,544.2615741494495,2025-07-31 23:26:01.235301
192.168.0.208,92.72775575572288,12.128355451417118,470.3822022173973,2025-07-31 23:26:01.235301
192.168.0.209,98.86108752557865,8.69354088829047,506.1773847977791,2025-07-31 23:26:01.235301
192.168.0.210,106.15603537784118,11.539317394528249,597.7078716875143,2025-07-31 23:26:01.235301
192.168.0.211,65.7966321468675,9.22135996724825,474.7126647869032,2025-07-31 23:26:01.235301
192.168.0.212,73.03629155788573,12.21643144266251,447.05462064717,2025-07-31 23:26:01.235301
192.168.0.213,114.8652818804543,11.84610245203916,574.0831701231299,2025-07-31 23:26:01.235301
192.168.0.214,103.41730876255883,7.193683893866214,598.1293595265397,2025-07-31 23:26:01.235301
192.168.0.215,96.32033327294641,13.257946348525097,500.18478359239236,2025-07-31 23:26:01.235301
192.168.0.216,100.36867866130787,8.392109664657855,550.5731517704178,2025-07-31 23:26:01.235301
192.168.0.217,106.95163410723342,12.424173394843436,567.0737957765441,2025-07-31 23:26:01.235301
192.168.0.218,89.20480639381277,11.101861940204023,462.8757883730808,2025-07-31 23:26:01.235301
192.168.0.219,84.43390549195375,15.514551030385368,475.7347082316066,2025-07-31 23:26:01.235301
192.168.0.220,103.91690510195363,9.329602052884443,561.5437256577368,2025-07-31 23:26:01.235301
192.168.0.221,80.43254444769936,8.952049611645407,584.2507139354254,2025-07-31 23:26:01.235301
192.168.0.222,108.16505511428943,9.941741182336802,528.1440430087177,2025-07-31 23:26:01.235301
192.168.0.223,65.9483279152432,9.090460651497175,456.0092823248973,2025-07-31 23:26:01.235301
192.168.0.224,120.58311274651288,12.39982570582615,599.353055584972,2025-07-31 23:26:01.235301
192.168.0.225,109.45194964826086,5.151068174690236,473.45145510940176,2025-07-31 23:26:01.235301
192.168.0.226,105.12059468627751,6.838952742560938,483.2431109414274,2025-07-31 23:26:01.235301
192.168.0.227,119.65381967891028,6.7965912352624205,517.1168917244811,2025-07-31 23:26:01.235301
192.168.0.228,133.30948888925153,12.850922775920727,577.7080210357387,2025-07-31 23:26:01.235301
192.168.0.229,120.2874013003626,15.131840117745776,542.6987988276112,2025-07-31 23:26:01.235301
192.168.0.230,63.182515373367096,9.686652344387586,520.7432750180956,2025-07-31 23:26:01.235301
192.168.0.231,74.40846066528597,9.493534830429969,523.1644265059053,2025-07-31 23:26:01.235301
192.168.0.232,87.50362844608642,10.210156489339544,502.17573343217333,2025-07-31 23:26:01.235301
192.168.0.233,100.52182100421668,13.485634907824572,527.9069757259253,2025-07-31 23:26:01.235301
192.168.0.234,110.35318040938246,7.217940597428278,373.5219961152849,2025-07-31 23:26:01.235301
192.168.0.235,85.48512373693069,10.715106948204355,485.1696270465101,2025-07-31 23:26:01.235301
192.168.0.236,103.73533528954157,12.92559288934729,512.0660967458391,2025-07-31 23:26:01.235301
192.168.0.237,84.89234135293356,11.503282509819536,442.44929581902466,2025-07-31 23:26:01.235301
192.168.0.238,87.76964394016103,10.56874484979623,519.316165890578,2025-07-31 23:26:01.235301
192.168.0.239,71.86677806303555,13.003138277701424,489.77643895069394,2025-07-31 23:26:01.235301
192.168.0.240,81.53533507778192,1.8903031210022885,587.7737849157745,2025-07-31 23:26:01.235301
192.168.0.241,72.96630788767332,12.033625958592722,578.6509862607428,2025-07-31 23:26:01.235301
192.168.0.242,80.48253494045335,8.037772950617729,476.70972154409185,2025-07-31 23:26:01.235301
192.168.0.243,121.07283593215679,4.5081013094306295,492.45811442166524,2025-07-31 23:26:01.235301
192.168.0.244,81.01202222336114,11.533607798574941,496.3026217195804,2025-07-31 23:26:01.235301
192.168.0.245,152.64764129674782,14.120975635488874,477.41702619201885,2025-07-31 23:26:01.235301
192.168.0.246,109.86635801761778,9.587654456116924,509.7512492014063,2025-07-31 23:26:01.235301
192.168.0.247,103.69672247389748,12.858623641608816,462.0858965556205,2025-07-31 23:26:01.235301
192.168.0.248,82.83284439637573,14.836834773965936,443.46923325312366,2025-07-31 23:26:01.235301
192.168.0.249,114.00619758817983,13.944743360752142,531.1355611950135,2025-07-31 23:26:01.235301
192.168.0.250,88.48724347524453,14.919893588114178,531.4764792110906,2025-07-31 23:26:01.235301
192.168.0.251,102.44019629290723,12.226382473215676,459.7842120170004,2025-07-31 23:26:01.235301
192.168.0.252,151.2016907653759,10.226300916704778,544.76777153813,2025-07-31 23:26:01.235301
192.168.0.253,98.078802005507,5.194102564308494,468.4211135417334,2025-07-31 23:26:01.235301
192.168.0.254,122.98546652571352,9.261812535610154,512.6582619018991,2025-07-31 23:26:01.235301
192.168.0.0,85.93647149748224,7.470260214051425,541.0172006306228,2025-07-31 23:26:01.235301
192.168.0.1,99.30023019006076,16.51282815249344,498.3193717648144,2025-07-31 23:26:01.235301
192.168.0.2,135.4160127127102,9.47234256270299,522.7370456070568,2025-07-31 23:26:01.235301
192.168.0.3,87.46065884424465,10.369614420353457,474.1785178056214,2025-07-31 23:26:01.235301
192.168.0.4,136.24897115993858,11.654456128121403,490.17667082859515,2025-07-31 23:26:01.235301
192.168.0.5,114.1550387091095,10.13080733911736,489.707028455983,2025-07-31 23:26:01.235301
192.168.0.6,88.75066448211464,15.085153121292258,462.67108267298806,2025-07-31 23:26:01.235301
192.168.0.7,112.64815478111042,8.132051914796644,491.1612918442109,2025-07-31 23:26:01.235301
192.168.0.8,119.4510889925346,10.583822365711729,422.5690850568127,2025-07-31 23:26:01.235301
192.168.0.9,112.43619924434392,7.772588242905855,475.44231264289476,2025-07-31 23:26:01.235301
192.168.0.10,68.59550560219087,6.039932466337882,485.7562253315165,2025-07-31 23:26:01.235301
192.168.0.11,85.45725648350263,8.164692727284145,487.19101237523097,2025-07-31 23:26:01.235301
192.168.0.12,95.0496272889699,9.888889608854765,487.92512770646107,2025-07-31 23:26:01.235301
192.168.0.13,98.51133141799907,8.71209332644822,496.91179000699356,2025-07-31 23:26:01.235301
192.168.0.14,112.41344195101357,7.922737060378433,523.9720759043032,2025-07-31 23:26:01.235301
192.168.0.15,103.55402001866507,5.781047608984498,543.7258537066261,2025-07-31 23:26:01.235301
192.168.0.16,73.29311282579798,9.750683282113915,467.51173865758665,2025-07-31 23:26:01.235301
192.168.0.17,107.60395702011927,5.4858388779069935,439.8399572305428,2025-07-31 23:26:01.235301
192.168.0.18,112.21171490567646,12.280167891068807,447.8977793878448,2025-07-31 23:26:01.235301
192.168.0.19,111.1958089586208,10.24731925880351,475.63985394025366,2025-07-31 23:26:01.235301
192.168.0.20,121.61561451109243,5.627345501605208,482.40393410917454,2025-07-31 23:26:01.235301
192.168.0.21,116.67844309097808,9.07237276885041,461.50019669012715,2025-07-31 23:26:01.235301
192.168.0.22,109.18360158456873,7.74353078322825,435.1941667875053,2025-07-31 23:26:01.235301
192.168.0.23,98.59668577082707,10.957523531257541,477.19395862629057,2025-07-31 23:26:01.235301
192.168.0.24,66.78078132968017,14.021351338069433,509.07133100569854,2025-07-31 23:26:01.235301
192.168.0.25,108.59236438265171,4.374482591062766,529.7514732917782,2025-07-31 23:26:01.235301
192.168.0.26,104.15375374326223,10.345078237442252,472.12884734458396,2025-07-31 23:26:01.235301
192.168.0.27,105.43157674390747,9.519601613300079,479.3501088928283,2025-07-31 23:26:01.235301
192.168.0.28,74.46502848359381,12.014020229351397,453.6650845576345,2025-07-31 23:26:01.235301
192.168.0.29,78.37886919183475,10.639589884713068,498.4280414812612,2025-07-31 23:26:01.235301
192.168.0.30,121.06305706665808,7.744092004783543,457.57856829045926,2025-07-31 23:26:01.235301
192.168.0.31,99.2088969228669,9.042838193000145,528.65639066206,2025-07-31 23:26:01.235301
192.168.0.32,113.63001394745248,7.611922429589533,410.7066754032944,2025-07-31 23:26:01.235301
192.168.0.33,100.56636752260923,13.228021415795794,482.0185163773769,2025-07-31 23:26:01.235301
192.168.0.34,100.59512278991491,10.063934946015827,515.0553669595871,2025-07-31 23:26:01.235301
192.168.0.35,118.76567611951995,15.703572057259022,509.1917258161252,2025-07-31 23:26:01.235301
192.168.0.36,89.67910543565252,9.818017558556138,634.6516831990248,2025-07-31 23:26:01.235301
192.168.0.37,101.92241553881966,7.874779699268611,517.4900012283954,2025-07-31 23:26:01.235301
192.168.0.38,90.75449422589915,5.458856822161518,449.7972701578995,2025-07-31 23:26:01.235301
192.168.0.39,91.31007545135368,4.590580971232165,495.2267876455463,2025-07-31 23:26:01.235301
192.168.0.40,93.81655753062721,5.2475921709835305,411.1876833266774,2025-07-31 23:26:01.235301
192.168.0.41,104.44267543267426,10.80137995303445,495.97001253516197,2025-07-31 23:26:01.235301
192.168.0.42,90.42502756673045,11.5261750696898,458.3471971499621,2025-07-31 23:26:01.235301
192.168.0.43,125.11512251147042,5.2564278939035995,545.7695137780081,2025-07-31 23:26:01.235301
192.168.0.44,82.10785395560993,12.685114942228346,472.52298627022327,2025-07-31 23:26:01.235301
192.168.0.45,96.26256711677281,8.550816844949681,494.16170421023764,2025-07-31 23:26:01.235301
192.168.0.46,91.2053788345165,10.440379035956648,468.22210792977984,2025-07-31 23:26:01.235301
192.168.0.47,128.93955768707465,14.836661884766272,586.9425675926666,2025-07-31 23:26:01.235301
192.168.0.48,103.93109553023149,12.690517947596597,483.9378616941044,2025-07-31 23:26:01.235301
192.168.0.49,120.6368907893727,9.194408056282503,591.62785217396,2025-07-31 23:26:01.235301
192.168.0.50,70.28879253926056,7.326423323754138,540.7075881059134,2025-07-31 23:26:01.235301
192.168.0.51,105.34100531738518,3.544553796012085,524.1033363667693,2025-07-31 23:26:01.235301
192.168.0.52,117.79261591246873,7.84254004227274,518.436657365876,2025-07-31 23:26:01.235301
192.168.0.53,101.64567978550848,9.366609283516917,519.6898649108126,2025-07-31 23:26:01.235301
192.168.0.54,121.30960750130703,7.038461418546448,403.6163710327195,2025-07-31 23:26:01.235301
192.168.0.55,89.65423099799256,9.606229098723086,486.0558302924622,2025-07-31 23:26:01.235301
192.168.0.56,128.1869488037116,10.230555648876305,542.2578985592161,2025-07-31 23:26:01.235301
192.168.0.57,145.977962472385,9.325432054575764,497.55514082629475,2025-07-31 23:26:01.235301
192.168.0.58,92.74322879120682,8.04999225752962,429.7405076598212,2025-07-31 23:26:01.235301
192.168.0.59,91.08994957198456,10.505964015900183,497.37977747112654,2025-07-31 23:26:01.235301
192.168.0.60,129.067689542354,11.325821948708228,585.2052758127745,2025-07-31 23:26:01.235301
192.168.0.61,131.59144291461425,6.728802767671462,562.3445857767359,2025-07-31 23:26:01.235301
192.168.0.62,89.54279945693463,14.23279713923881,496.8997995316984,2025-07-31 23:26:01.235301
192.168.0.63,91.59626365808285,9.704235603147215,547.5724638529043,2025-07-31 23:26:01.235301
192.168.0.64,94.36430782278985,10.056548868834543,481.6746489815974,2025-07-31 23:26:01.235301
192.168.0.65,73.11098977931445,12.12464326976967,414.806420658664,2025-07-31 23:26:01.235301
192.168.0.66,81.62696107031604,10.699648393790504,453.77670059352226,2025-07-31 23:26:01.235301
192.168.0.67,79.91718466495864,12.859409901739735,578.1444384254099,2025-07-31 23:26:01.235301
192.168.0.68,84.64404869791743,10.861372495605472,486.3003459085348,2025-07-31 23:26:01.235301
192.168.0.69,99.30630225226437,8.162687876078687,487.8308010312491,2025-07-31 23:26:01.235301
192.168.0.70,104.68429465073041,11.084510575618305,485.00809018625597,2025-07-31 23:26:01.235301
192.168.0.71,131.01000985628153,6.568821378038015,595.2068294786503,2025-07-31 23:26:01.235301
192.168.0.72,80.03291918522419,10.32567911732957,581.2979457681032,2025-07-31 23:26:01.235301
192.168.0.73,119.68644796953167,9.900310028066617,610.9390116724067,2025-07-31 23:26:01.235301
192.168.0.74,95.72022311548982,9.375649428182381,492.04773947999746,2025-07-31 23:26:01.235301
192.168.0.75,99.01072580695134,9.614387465683208,514.7812244373548,2025-07-31 23:26:01.235301
192.168.0.76,113.49638984333208,4.354452863507083,424.16787252896046,2025-07-31 23:26:01.235301
192.168.0.77,77.54555956875403,8.353825276777116,573.8467213059137,2025-07-31 23:26:01.235301
192.168.0.78,107.64819492368102,10.278534703423345,441.61102243660326,2025-07-31 23:26:01.235301
192.168.0.79,103.32904416426112,10.479569175992202,510.83877818813147,2025-07-31 23:26:01.235301
192.168.0.80,109.84902528016298,6.916974577222126,445.1348736183578,2025-07-31 23:26:01.235301
192.168.0.81,105.78337287815636,13.797123522594102,470.5566586630652,2025-07-31 23:26:01.235301
192.168.0.82,149.1060027982179,7.401475455356497,458.13687844751496,2025-07-31 23:26:01.235301
192.168.0.83,87.24520031497369,12.90837160158021,469.6062369662091,2025-07-31 23:26:01.235301
192.168.0.84,89.38006089996365,11.281583085615054,473.04386484255105,2025-07-31 23:26:01.235301
192.168.0.85,87.53718947150472,8.061318070468591,472.58656025374614,2025-07-31 23:26:01.235301
192.168.0.86,88.8904576167949,15.325932677828536,541.6666955890154,2025-07-31 23:26:01.235301
192.168.0.87,87.25225745386965,6.41908950473056,444.75686034687396,2025-07-31 23:26:01.235301
192.168.0.88,123.78033062215104,12.757462520830003,511.02707135069335,2025-07-31 23:26:01.235301
192.168.0.89,128.4100849597971,13.001746954128935,560.897957615278,2025-07-31 23:26:01.235301
192.168.0.90,88.58507412501048,7.988139372770066,474.3401817743302,2025-07-31 23:26:01.235301
192.168.0.91,83.35288853791542,14.177395900192987,464.1040554626199,2025-07-31 23:26:01.235301
192.168.0.92,109.42831112772808,9.249860456203141,488.47376874098745,2025-07-31 23:26:01.235301
192.168.0.93,88.95553911438057,10.866080887839571,558.9862604180355,2025-07-31 23:26:01.235301
192.168.0.94,112.65863635511022,10.780965516313662,509.7053815476679,2025-07-31 23:26:01.235301
192.168.0.95,104.058460417026,9.597073775588356,473.4392852696201,2025-07-31 23:26:01.235301
192.168.0.96,69.68511770005536,12.432424819479346,524.193832559402,2025-07-31 23:26:01.235301
192.168.0.97,130.95010402660122,12.380466161656638,444.8853925081788,2025-07-31 23:26:01.235301
192.168.0.98,135.91755346191044,4.7544040802854575,534.0679755221474,2025-07-31 23:26:01.235301
192.168.0.99,87.74422619031228,13.913020728634457,520.4303653850884,2025-07-31 23:26:01.235301
192.168.0.100,92.24596880128031,5.012524035892977,484.6095764430558,2025-07-31 23:26:01.235301
192.168.0.101,105.7173078144981,13.097638613024973,458.07071007763847,2025-07-31 23:26:01.235301
192.168.0.102,106.6891357997405,13.38011541048275,455.66595388582715,2025-07-31 23:26:01.235301
192.168.0.103,113.1708854534566,6.7271007093544055,526.7408668172955,2025-07-31 23:26:01.235301
192.168.0.104,140.204090775327,8.767557136136245,561.4490251244531,2025-07-31 23:26:01.235301
192.168.0.105,96.461055450119,6.682885994542193,468.1346126485603,2025-07-31 23:26:01.235301
192.168.0.106,84.03405510923092,9.355236909133794,522.9193351775742,2025-07-31 23:26:01.235301
192.168.0.107,72.41361543970946,9.075897147442776,395.6486490698966,2025-07-31 23:26:01.235301
192.168.0.108,85.38139920116161,12.338981596808019,470.76911346714,2025-07-31 23:26:01.235301
192.168.0.109,99.33746054252406,13.930926238358825,498.4470533564549,2025-07-31 23:26:01.235301
192.168.0.110,135.89115727035576,14.187051432369868,454.5158291509083,2025-07-31 23:26:01.235301
192.168.0.111,89.64777401927657,8.313495920265094,453.1746812605202,2025-07-31 23:26:01.235301
192.168.0.112,104.47575903277797,9.372334378766416,466.6110221765557,2025-07-31 23:26:01.235301
192.168.0.113,99.67154207854496,4.949685423337149,514.6096364163186,2025-07-31 23:26:01.235301
192.168.0.114,123.76786546896167,7.582389800511434,490.63354907968125,2025-07-31 23:26:01.235301
192.168.0.115,150.53864851747244,12.894554899292373,388.0884383337514,2025-07-31 23:26:01.235301
192.168.0.116,89.38262454159359,14.846748470644695,393.9649923682467,2025-07-31 23:26:01.235301
192.168.0.117,90.21121114963556,6.296953384360234,469.6567411071412,2025-07-31 23:26:01.235301
192.168.0.118,120.88321754138144,8.222607222541317,522.8843293026777,2025-07-31 23:26:01.235301
192.168.0.119,113.63782979252623,9.92078272912322,362.6247578637383,2025-07-31 23:26:01.235301
192.168.0.120,136.93414651472068,10.84048347645882,475.0134911924185,2025-07-31 23:26:01.235301
192.168.0.121,111.67856370651927,7.571189440235061,473.68760717412897,2025-07-31 23:26:01.235301
192.168.0.122,92.81415818425882,11.27218313339227,569.4168889104224,2025-07-31 23:26:01.235301
192.168.0.123,111.81309661384618,8.578481958787252,480.74890941435683,2025-07-31 23:26:01.235301
192.168.0.124,122.17407161165815,9.956643187365163,519.1494492370464,2025-07-31 23:26:01.235301
192.168.0.125,116.40964362394729,11.638852744011098,507.06285700437314,2025-07-31 23:26:01.235301
192.168.0.126,110.14548062214595,10.019266809432814,393.47167600963996,2025-07-31 23:26:01.235301
192.168.0.127,121.33349379178307,8.690842328420294,538.4103608315869,2025-07-31 23:26:01.235301
192.168.0.128,123.38591180891345,9.671170588222507,510.7698252728144,2025-07-31 23:26:01.235301
192.168.0.129,127.64317982075055,9.734911122383995,525.4134319837294,2025-07-31 23:26:01.235301
192.168.0.130,112.97419775179286,8.889966910353618,696.3118853218164,2025-07-31 23:26:01.235301
192.168.0.131,96.65763839366291,9.223611811998692,395.79435302507056,2025-07-31 23:26:01.235301
192.168.0.132,102.93427372866645,14.795941511514151,586.2348324880554,2025-07-31 23:26:01.235301
192.168.0.133,124.13017933016714,11.682758343823716,485.6276240299822,2025-07-31 23:26:01.235301
192.168.0.134,83.66128658025528,9.113559045912519,514.3664452201505,2025-07-31 23:26:01.235301
192.168.0.135,107.37346617745803,12.090863213532206,497.72438773493786,2025-07-31 23:26:01.235301
192.168.0.136,92.13322375345278,8.99854153073197,478.7881833300978,2025-07-31 23:26:01.235301
192.168.0.137,100.57489645869634,13.519373912759924,471.50835358806205,2025-07-31 23:26:01.235301
192.168.0.138,125.56903725214598,11.108926576594282,516.4754367786504,2025-07-31 23:26:01.235301
192.168.0.139,103.82198136039807,9.678093567987313,424.14131516641606,2025-07-31 23:26:01.235301
192.168.0.140,100.92873096312297,11.343150777430832,537.5289583760883,2025-07-31 23:26:01.235301
192.168.0.141,72.80287718040162,5.287371543794502,479.1902797557373,2025-07-31 23:26:01.235301
192.168.0.142,114.92507132054442,6.619697593270584,443.4965330479821,2025-07-31 23:26:01.235301
192.168.0.143,112.9096836228215,6.418224980802834,477.4993571002093,2025-07-31 23:26:01.235301
192.168.0.144,143.2650944661092,10.42882928429112,562.8574608431286,2025-07-31 23:26:01.235301
192.168.0.145,93.84443530093998,15.197544998455275,473.23324564918886,2025-07-31 23:26:01.235301
192.168.0.146,104.38300655327878,16.6939004385779,517.9226809104811,2025-07-31 23:26:01.235301
192.168.0.147,104.9876736742151,11.914153304322271,463.45218621422634,2025-07-31 23:26:01.235301
192.168.0.148,131.5490655952695,11.50253342483337,537.8960924961809,2025-07-31 23:26:01.235301
192.168.0.149,98.09408935226095,4.596826797541783,534.2753869395102,2025-07-31 23:26:01.235301
192.168.0.150,105.58043051540679,8.371978600797934,592.4304416648206,2025-07-31 23:26:01.235301
192.168.0.151,112.15793019433079,7.636648744275283,491.2218027250392,2025-07-31 23:26:01.235301
192.168.0.152,103.73218246312716,8.137457205246651,533.4327402378954,2025-07-31 23:26:01.235301
192.168.0.153,91.07132770898943,9.495568544245632,504.90337697694724,2025-07-31 23:26:01.235301
192.168.0.154,103.88179985796616,8.583728266908619,564.7935890931507,2025-07-31 23:26:01.235301
192.168.0.155,121.47263499719544,4.062100568872637,464.0583806195635,2025-07-31 23:26:01.235301
192.168.0.156,79.4696940117788,12.243730768352602,537.250265643864,2025-07-31 23:26:01.235301
192.168.0.157,102.65939348293752,6.781770922780581,490.2651351941659,2025-07-31 23:26:01.235301
192.168.0.158,85.99758370121654,10.717740592333449,496.7905911445751,2025-07-31 23:26:01.235301
192.168.0.159,123.90093257849685,16.22224800924992,504.58762422241864,2025-07-31 23:26:01.235301
192.168.0.160,69.5362619043245,7.24184622524073,512.6120198213339,2025-07-31 23:26:01.235301
192.168.0.161,88.82156305456823,2.4091374317610104,494.1885478439021,2025-07-31 23:26:01.235301
192.168.0.162,107.54423750129041,9.141987334359667,510.73565915852635,2025-07-31 23:26:01.235301
192.168.0.163,131.31048058468681,13.302878904995714,578.9059028781093,2025-07-31 23:26:01.235301
192.168.0.164,98.68499477854024,15.875042362661782,549.2724842807609,2025-07-31 23:26:01.235301
192.168.0.165,88.89600946613604,6.311351216642749,543.4577296248448,2025-07-31 23:26:01.235301
192.168.0.166,137.6231413888118,11.490097669709565,477.22302369880646,2025-07-31 23:26:01.235301
192.168.0.167,71.03972199167512,8.60406862965984,455.53795858858376,2025-07-31 23:26:01.235301
192.168.0.168,56.023880867598365,9.682154937087592,547.7650279118876,2025-07-31 23:26:01.235301
192.168.0.169,108.80028900106664,17.933030041051104,543.8023396264897,2025-07-31 23:26:01.235301
192.168.0.170,89.95891551294778,5.49108901481454,573.6335337875491,2025-07-31 23:26:01.235301
192.168.0.171,79.57534365738573,10.76121898448372,469.8009687015385,2025-07-31 23:26:01.235301
192.168.0.172,114.16712894598706,11.4030795152963,488.52256723198263,2025-07-31 23:26:01.235301
192.168.0.173,104.87601427542398,13.257358974818041,418.0257918737283,2025-07-31 23:26:01.235301
192.168.0.174,88.71842738526543,10.293949460412687,480.37644469695636,2025-07-31 23:26:01.235301
192.168.0.175,74.39391202658211,10.924151618512306,549.8285255289724,2025-07-31 23:26:01.235301
192.168.0.176,117.44914656560289,8.825054297734626,476.6752310385901,2025-07-31 23:26:01.235301
192.168.0.177,113.00402355917322,10.807380823735322,532.0239897600412,2025-07-31 23:26:01.235301
192.168.0.178,98.01648272441234,8.970423173507768,490.47484470010943,2025-07-31 23:26:01.235301
192.168.0.179,136.9327399209533,11.864715669568152,516.2028514110781,2025-07-31 23:26:01.235301
192.168.0.180,78.59830467347695,8.891168991869097,442.61543050921665,2025-07-31 23:26:01.235301
192.168.0.181,69.48949658150522,11.13130118170656,504.26047248169505,2025-07-31 23:26:01.235301
192.168.0.182,86.16183860237511,9.912211558945065,350.44320145496386,2025-07-31 23:26:01.235301
192.168.0.183,99.08827967289004,13.378150752316504,490.65519209190074,2025-07-31 23:26:01.235301
192.168.0.184,104.86678898645384,9.845818829234542,418.476337814243,2025-07-31 23:26:01.235301
192.168.0.185,95.1752788428734,4.680902595379356,560.2997258273408,2025-07-31 23:26:01.235301
192.168.0.186,107.04110793028593,13.785764502141975,538.8703676382256,2025-07-31 23:26:01.235301
192.168.0.187,74.96921151619112,7.282803097412144,523.333549098304,2025-07-31 23:26:01.235301
192.168.0.188,128.8752920814652,8.038700984053541,576.050311357969,2025-07-31 23:26:01.235301
192.168.0.189,98.35697643214863,8.213016117869524,452.55417395875816,2025-07-31 23:26:01.235301
192.168.0.190,122.34591663176255,14.123314279512453,587.3681598957779,2025-07-31 23:26:01.235301
192.168.0.191,106.85450692755408,3.592977358063914,546.6095782130193,2025-07-31 23:26:01.235301
192.168.0.192,109.13506438307567,19.41324560097998,488.1722356390527,2025-07-31 23:26:01.235301
192.168.0.193,111.39534560464408,13.168170427198156,556.7810073591472,2025-07-31 23:26:01.235301
192.168.0.194,108.9541712003463,10.669716742387479,444.68532437941826,2025-07-31 23:26:01.235301
192.168.0.195,112.85445519735087,9.83531799815114,458.7742919236163,2025-07-31 23:26:01.235301
192.168.0.196,126.58305060264863,10.85666222457297,469.57051383801496,2025-07-31 23:26:01.235301
192.168.0.197,103.9304233940294,11.563367285138014,473.55111459679927,2025-07-31 23:26:01.235301
192.168.0.198,114.18007515177024,11.93564675785017,447.1721178619874,2025-07-31 23:26:01.235301
192.168.0.199,98.20528611425547,11.666813398010346,561.1541533547662,2025-07-31 23:26:01.235301
192.168.0.200,128.80234430898946,10.268742043765746,487.05727998150843,2025-07-31 23:26:01.235301
192.168.0.201,86.4721539588146,9.407984739078021,517.625248417844,2025-07-31 23:26:01.235301
192.168.0.202,136.0188086582163,9.546180149039465,471.482431679316,2025-07-31 23:26:01.235301
192.168.0.203,99.19684098711313,9.415275158941958,408.9698349725742,2025-07-31 23:26:01.235301
192.168.0.204,71.38449795763904,13.401310290601193,513.5028679195711,2025-07-31 23:26:01.235301
192.168.0.205,102.56208829821578,11.780670166842587,404.38725122901116,2025-07-31 23:26:01.235301
192.168.0.206,86.37896685050238,1.1788340960071597,496.5682976957266,2025-07-31 23:26:01.235301
192.168.0.207,116.81287097977449,11.967702329589283,431.5842480583595,2025-07-31 23:26:01.235301
192.168.0.208,86.94752041395218,10.584208584156325,599.3637999615404,2025-07-31 23:26:01.235301
192.168.0.209,91.07633133570441,9.943873730662308,545.5681361087361,2025-07-31 23:26:01.235301
192.168.0.210,62.209185381089384,8.834444640733343,505.287689563574,2025-07-31 23:26:01.235301
192.168.0.211,90.95387361501847,13.37233815995804,563.1853338827334,2025-07-31 23:26:01.235301
192.168.0.212,51.52241346742087,12.842579386368573,457.6842011267132,2025-07-31 23:26:01.235301
192.168.0.213,68.32194353028554,7.681366996529173,527.1739689335046,2025-07-31 23:26:01.235301
192.168.0.214,115.20829312288595,11.221156861373606,509.9905216859357,2025-07-31 23:26:01.235301
192.168.0.215,115.71600317301665,7.085029796376142,513.2010040666835,2025-07-31 23:26:01.235301
192.168.0.216,108.50915123569929,5.861145505633209,563.6176750053384,2025-07-31 23:26:01.235301
192.168.0.217,80.66047713741574,8.119848326230105,536.6246051389901,2025-07-31 23:26:01.235301
192.168.0.218,99.0457728771604,12.587180417148277,514.4361831412511,2025-07-31 23:26:01.235301
192.168.0.219,99.92794921818863,12.85937513612826,417.2556281885852,2025-07-31 23:26:01.235301
192.168.0.220,76.83270621614915,11.539256260291879,451.9976852360268,2025-07-31 23:26:01.235301
192.168.0.221,130.067966035343,12.175287360543992,493.8645533202138,2025-07-31 23:26:01.235301
192.168.0.222,117.54724581151342,11.548534861344875,504.6686187138326,2025-07-31 23:26:01.235301
192.168.0.223,95.58071652340672,8.075555214331143,443.4898137663038,2025-07-31 23:26:01.235301
192.168.0.224,100.53771677989062,11.295767634021821,620.5838337789211,2025-07-31 23:26:01.235301
192.168.0.225,104.16765615895105,12.401228575683046,575.8197027626786,2025-07-31 23:26:01.235301
192.168.0.226,59.16530263151419,12.262873989440724,530.1059160196241,2025-07-31 23:26:01.235301
192.168.0.227,95.05645234958806,13.56674011442393,503.6018430641872,2025-07-31 23:26:01.235301
192.168.0.228,86.36031504004403,12.124911541603192,489.3895515049424,2025-07-31 23:26:01.235301
192.168.0.229,79.96759980210169,11.054344622624749,452.40407699888823,2025-07-31 23:26:01.235301
192.168.0.230,94.3779941422809,13.210450714949282,503.8740259259431,2025-07-31 23:26:01.235301
192.168.0.231,135.95373053699046,9.92043622225282,512.8876270071376,2025-07-31 23:26:01.235301
192.168.0.232,112.8168572253402,7.354376046316847,437.91197122591876,2025-07-31 23:26:01.235301
192.168.0.233,88.57642020434406,9.510799108168708,516.7088208622449,2025-07-31 23:26:01.235301
192.168.0.234,111.45165562712317,7.7652920655806525,492.2370475587626,2025-07-31 23:26:01.235301
