ts,src_ip,src_port,dst_ip,dst_port,protocol,pkt_len,tcp_flags
2025-07-31 03:09:15,136.230.34.103,50721,201.121.126.249,41039,HTTP,226,0x0010
2025-07-31 15:03:23,20.139.69.222,64002,37.105.193.226,443,RDP,683,0x0011
2025-07-31 20:41:49,88.68.217.153,31559,131.32.149.124,443,HTTP,1264,0x0002
2025-07-31 21:55:22,92.2.57.182,50685,131.32.149.124,80,TCP,807,0x0002
2025-07-31 03:59:09,131.32.149.124,1024,37.105.193.226,443,TLS,826,0x0011
2025-07-31 15:53:06,136.230.34.103,36013,13.195.117.162,443,TLS,878,0x0018
2025-07-31 13:40:53,131.32.149.124,28419,13.195.117.162,13104,RDP,94,0x0018
2025-07-31 18:46:50,136.230.34.103,38788,20.139.69.222,8080,TCP,1298,0x0010
2025-07-31 03:53:01,51.65.219.232,63447,88.68.217.153,33761,UDP,394,0x0010
2025-07-31 10:28:55,136.230.34.103,43497,131.32.149.124,443,RDP,397,0x0010
2025-07-31 14:26:44,13.195.117.162,37472,140.121.54.154,14319,TCP,894,0x0018
2025-07-31 15:50:42,136.230.34.103,12653,201.121.126.249,443,HTTP,523,0x0018
2025-07-31 20:20:23,51.65.219.232,62388,201.121.126.249,80,HTTPS,291,0x0002
2025-07-31 04:33:13,140.121.54.154,55005,20.139.69.222,443,UDP,1317,0x0011
2025-07-31 00:22:22,92.2.57.182,42129,201.121.126.249,80,RDP,1355,0x0010
2025-07-31 01:29:13,136.230.34.103,56073,51.65.219.232,443,HTTPS,919,0x0010
2025-07-31 02:21:55,20.139.69.222,31340,88.68.217.153,8080,UDP,446,0x0002
2025-07-31 06:59:18,131.32.149.124,50302,201.121.126.249,443,RDP,1125,0x0018
2025-07-31 06:49:38,37.105.193.226,65131,20.139.69.222,443,TLS,1472,0x0010
2025-07-31 08:13:56,140.121.54.154,63710,201.121.126.249,3033,UDP,788,0x0018
2025-07-31 17:55:13,201.121.126.249,52036,88.68.217.153,52194,RDP,575,0x0011
2025-07-31 07:14:50,13.195.117.162,59455,136.230.34.103,8080,TLS,566,0x0002
2025-07-31 15:01:25,13.195.117.162,5152,201.121.126.249,80,RDP,658,0x0010
2025-07-31 10:24:30,20.139.69.222,7308,201.121.126.249,443,TLS,1100,0x0002
2025-07-31 13:49:23,201.121.126.249,35459,20.139.69.222,80,TCP,408,0x0011
2025-07-31 04:15:34,20.139.69.222,27723,136.230.34.103,30662,UDP,198,0x0010
2025-07-31 07:44:34,51.65.219.232,23398,92.2.57.182,8080,TCP,112,0x0002
2025-07-31 00:19:48,92.2.57.182,31516,13.195.117.162,60369,RDP,396,0x0011
2025-07-31 06:46:30,201.121.126.249,36987,37.105.193.226,80,HTTPS,1414,0x0011
2025-07-31 07:59:57,20.139.69.222,26737,140.121.54.154,57108,RDP,1079,0x0002
2025-07-31 03:09:01,88.68.217.153,52506,140.121.54.154,80,TCP,445,0x0010
2025-07-31 13:56:03,20.139.69.222,28945,37.105.193.226,443,RDP,1033,0x0011
2025-07-31 00:37:05,13.195.117.162,56431,51.65.219.232,8080,TCP,1283,0x0011
2025-07-31 12:45:25,37.105.193.226,4347,13.195.117.162,443,RDP,504,0x0011
2025-07-31 19:49:33,37.105.193.226,38128,131.32.149.124,20070,TCP,166,0x0010
2025-07-31 02:42:46,92.2.57.182,25735,37.105.193.226,443,RDP,1458,0x0018
2025-07-31 12:19:03,13.195.117.162,27425,92.2.57.182,2789,TCP,758,0x0011
2025-07-31 23:14:15,13.195.117.162,29545,136.230.34.103,30905,TCP,1369,0x0011
2025-07-31 14:58:26,201.121.126.249,17806,140.121.54.154,80,HTTPS,641,0x0010
2025-07-31 21:48:09,131.32.149.124,52235,136.230.34.103,80,HTTPS,817,0x0018
2025-07-31 03:41:37,201.121.126.249,57425,88.68.217.153,53610,HTTPS,204,0x0018
2025-07-31 00:28:34,13.195.117.162,15975,136.230.34.103,443,HTTP,671,0x0011
2025-07-31 02:12:58,88.68.217.153,52944,51.65.219.232,80,TCP,989,0x0002
2025-07-31 22:10:30,201.121.126.249,61921,13.195.117.162,45203,UDP,84,0x0010
2025-07-31 14:45:55,88.68.217.153,24056,140.121.54.154,1180,RDP,912,0x0018
2025-07-31 15:55:39,131.32.149.124,14031,51.65.219.232,18942,RDP,440,0x0011
2025-07-31 04:57:49,20.139.69.222,36503,136.230.34.103,17884,TLS,303,0x0002
2025-07-31 15:56:55,20.139.69.222,4608,51.65.219.232,29080,RDP,635,0x0002
2025-07-31 13:31:33,88.68.217.153,63793,131.32.149.124,443,UDP,954,0x0011
2025-07-31 14:58:55,136.230.34.103,48766,88.68.217.153,8080,HTTPS,1361,0x0018
2025-07-30 23:49:35,92.2.57.182,10658,20.139.69.222,52037,UDP,1446,0x0002
2025-07-31 07:30:20,20.139.69.222,8019,51.65.219.232,80,TLS,1054,0x0002
2025-07-31 16:35:46,131.32.149.124,25067,92.2.57.182,28730,UDP,649,0x0010
2025-07-31 17:56:45,136.230.34.103,18879,51.65.219.232,80,UDP,975,0x0018
2025-07-31 13:57:16,92.2.57.182,20285,51.65.219.232,80,HTTPS,728,0x0018
2025-07-31 06:09:26,37.105.193.226,48998,140.121.54.154,443,HTTPS,275,0x0011
2025-07-31 20:16:19,92.2.57.182,53453,88.68.217.153,8080,RDP,1329,0x0010
2025-07-31 09:20:57,20.139.69.222,47503,92.2.57.182,80,UDP,623,0x0010
2025-07-31 12:50:05,92.2.57.182,33471,20.139.69.222,80,HTTPS,127,0x0011
2025-07-31 05:28:13,88.68.217.153,13740,37.105.193.226,80,TCP,84,0x0018
2025-07-31 08:07:29,13.195.117.162,53152,140.121.54.154,6143,HTTPS,702,0x0011
2025-07-31 03:23:29,13.195.117.162,22150,88.68.217.153,23142,TCP,663,0x0018
2025-07-31 21:10:33,37.105.193.226,30532,13.195.117.162,8080,TCP,533,0x0010
2025-07-31 08:57:34,51.65.219.232,9040,136.230.34.103,8080,UDP,989,0x0010
2025-07-31 08:35:58,13.195.117.162,4922,92.2.57.182,80,RDP,1463,0x0002
2025-07-31 01:15:59,131.32.149.124,7638,51.65.219.232,8080,HTTP,828,0x0002
2025-07-31 20:23:13,37.105.193.226,38913,92.2.57.182,80,TCP,396,0x0018
2025-07-31 02:19:34,136.230.34.103,49979,131.32.149.124,8080,HTTPS,59,0x0018
2025-07-31 12:16:11,37.105.193.226,26189,51.65.219.232,80,HTTP,463,0x0010
2025-07-31 05:02:38,92.2.57.182,49959,37.105.193.226,80,UDP,200,0x0010
2025-07-31 13:00:09,51.65.219.232,30202,201.121.126.249,443,TCP,588,0x0010
2025-07-31 22:06:49,92.2.57.182,7219,13.195.117.162,443,TCP,299,0x0011
2025-07-31 15:27:54,20.139.69.222,11235,131.32.149.124,443,RDP,1478,0x0002
2025-07-31 11:08:50,136.230.34.103,26200,20.139.69.222,8080,UDP,745,0x0010
2025-07-31 22:56:06,92.2.57.182,3109,131.32.149.124,45083,UDP,1056,0x0011
2025-07-31 19:07:25,140.121.54.154,10643,131.32.149.124,443,HTTP,773,0x0018
2025-07-31 22:04:12,13.195.117.162,23339,140.121.54.154,8080,RDP,1257,0x0002
2025-07-31 05:08:52,37.105.193.226,34283,140.121.54.154,11875,TLS,841,0x0002
2025-07-31 18:48:46,51.65.219.232,35031,13.195.117.162,80,HTTP,807,0x0002
2025-07-31 10:37:23,20.139.69.222,35363,88.68.217.153,8080,TCP,1180,0x0018
2025-07-31 09:59:20,20.139.69.222,36731,13.195.117.162,443,TLS,413,0x0010
2025-07-31 07:24:09,13.195.117.162,55979,136.230.34.103,23501,HTTP,504,0x0011
2025-07-31 20:43:17,201.121.126.249,16080,20.139.69.222,60784,TLS,685,0x0011
2025-07-31 05:52:16,37.105.193.226,23216,88.68.217.153,8080,UDP,1074,0x0010
2025-07-31 02:54:52,20.139.69.222,9935,88.68.217.153,8080,TLS,501,0x0018
2025-07-31 11:33:54,37.105.193.226,22739,201.121.126.249,8080,HTTP,730,0x0018
2025-07-31 18:28:55,20.139.69.222,21425,92.2.57.182,8080,HTTP,1339,0x0018
2025-07-31 21:00:34,37.105.193.226,50204,136.230.34.103,8080,RDP,535,0x0011
2025-07-31 12:03:06,92.2.57.182,28379,131.32.149.124,443,UDP,1177,0x0018
2025-07-31 06:21:01,20.139.69.222,4112,37.105.193.226,443,TCP,1051,0x0018
2025-07-31 08:27:02,13.195.117.162,7035,201.121.126.249,8080,RDP,1287,0x0010
2025-07-31 20:11:21,20.139.69.222,59760,13.195.117.162,8080,TCP,1054,0x0010
2025-07-31 07:31:02,13.195.117.162,39852,20.139.69.222,443,TLS,834,0x0010
2025-07-31 07:33:44,131.32.149.124,28050,140.121.54.154,80,UDP,605,0x0011
2025-07-31 04:41:47,140.121.54.154,9125,13.195.117.162,8080,UDP,1293,0x0002
2025-07-31 13:42:08,201.121.126.249,25098,13.195.117.162,443,TCP,168,0x0018
2025-07-31 02:06:24,20.139.69.222,55913,201.121.126.249,5246,HTTP,815,0x0011
2025-07-31 19:35:50,92.2.57.182,19753,136.230.34.103,443,HTTPS,645,0x0011
2025-07-31 11:32:57,13.195.117.162,28437,131.32.149.124,80,RDP,566,0x0018
2025-07-31 02:44:11,13.195.117.162,56062,37.105.193.226,26156,UDP,1444,0x0018
2025-07-31 01:50:38,136.230.34.103,10748,37.105.193.226,443,UDP,493,0x0002
2025-07-31 05:41:33,51.65.219.232,54591,136.230.34.103,80,TLS,1349,0x0011
2025-07-31 03:12:42,88.68.217.153,8198,92.2.57.182,3051,TCP,101,0x0010
2025-07-31 02:19:10,13.195.117.162,64544,88.68.217.153,9369,TCP,1129,0x0002
2025-07-31 11:51:06,140.121.54.154,3360,37.105.193.226,59552,TLS,140,0x0011
2025-07-31 04:45:49,131.32.149.124,22104,140.121.54.154,59066,TLS,189,0x0018
2025-07-31 20:08:10,13.195.117.162,56458,136.230.34.103,80,TCP,842,0x0011
2025-07-31 12:09:45,136.230.34.103,5501,92.2.57.182,80,HTTPS,1423,0x0011
2025-07-31 15:44:48,37.105.193.226,54224,131.32.149.124,8080,TLS,921,0x0011
2025-07-31 21:52:48,51.65.219.232,53195,131.32.149.124,80,RDP,411,0x0010
2025-07-31 21:09:15,88.68.217.153,34834,131.32.149.124,8080,HTTPS,320,0x0018
2025-07-31 21:12:50,92.2.57.182,41755,51.65.219.232,80,RDP,496,0x0011
2025-07-31 12:59:21,20.139.69.222,5096,13.195.117.162,8080,TLS,862,0x0018
2025-07-31 09:09:50,37.105.193.226,19414,140.121.54.154,443,TCP,937,0x0018
2025-07-31 20:16:29,136.230.34.103,34328,88.68.217.153,43744,UDP,874,0x0010
2025-07-31 05:23:11,20.139.69.222,3893,51.65.219.232,49885,UDP,1253,0x0018
2025-07-31 21:49:39,37.105.193.226,51888,136.230.34.103,8080,TLS,935,0x0002
2025-07-31 12:19:11,201.121.126.249,23321,92.2.57.182,80,RDP,361,0x0018
2025-07-31 06:29:48,37.105.193.226,28382,201.121.126.249,26400,RDP,422,0x0002
2025-07-31 10:31:47,140.121.54.154,40012,136.230.34.103,80,TLS,758,0x0018
2025-07-31 23:04:56,37.105.193.226,52744,136.230.34.103,8080,HTTP,1059,0x0002
2025-07-31 11:28:56,20.139.69.222,65254,131.32.149.124,8080,UDP,1050,0x0002
2025-07-31 21:49:04,13.195.117.162,34176,51.65.219.232,443,UDP,754,0x0002
2025-07-31 08:17:06,13.195.117.162,22794,37.105.193.226,80,TCP,1158,0x0002
2025-07-31 12:38:54,136.230.34.103,23970,92.2.57.182,80,TLS,1352,0x0018
2025-07-31 08:20:32,20.139.69.222,12351,131.32.149.124,55813,HTTP,728,0x0011
2025-07-31 05:01:02,92.2.57.182,29747,37.105.193.226,443,TCP,501,0x0018
2025-07-31 13:35:37,88.68.217.153,44797,13.195.117.162,80,UDP,973,0x0002
2025-07-31 10:50:19,136.230.34.103,15091,88.68.217.153,8080,HTTP,800,0x0018
2025-07-31 22:25:08,131.32.149.124,6047,136.230.34.103,443,HTTPS,1197,0x0002
2025-07-31 21:46:02,20.139.69.222,13103,140.121.54.154,443,TLS,1277,0x0011
2025-07-31 01:15:06,37.105.193.226,24497,13.195.117.162,8080,UDP,976,0x0002
2025-07-31 06:58:56,201.121.126.249,63679,20.139.69.222,18126,HTTP,1138,0x0018
2025-07-31 00:29:12,13.195.117.162,13629,140.121.54.154,443,HTTP,306,0x0018
2025-07-31 04:10:31,51.65.219.232,16494,20.139.69.222,443,UDP,1260,0x0018
2025-07-31 05:24:43,51.65.219.232,51566,20.139.69.222,8080,TLS,275,0x0002
2025-07-31 03:35:13,13.195.117.162,45666,131.32.149.124,80,RDP,269,0x0011
2025-07-31 04:44:08,20.139.69.222,13382,51.65.219.232,80,TLS,919,0x0002
2025-07-31 11:52:27,131.32.149.124,13175,136.230.34.103,80,RDP,1258,0x0011
2025-07-31 06:19:31,88.68.217.153,20739,92.2.57.182,8080,RDP,418,0x0018
2025-07-31 05:36:41,20.139.69.222,57959,140.121.54.154,43717,TLS,1121,0x0010
2025-07-31 09:48:07,140.121.54.154,35143,51.65.219.232,8080,TCP,531,0x0010
2025-07-31 02:50:01,140.121.54.154,26264,51.65.219.232,80,TLS,176,0x0018
2025-07-31 22:26:19,88.68.217.153,63230,51.65.219.232,443,UDP,159,0x0011
2025-07-31 04:38:43,140.121.54.154,17885,37.105.193.226,8080,UDP,1152,0x0018
2025-07-31 20:18:54,131.32.149.124,62845,51.65.219.232,80,RDP,689,0x0010
2025-07-31 06:01:50,51.65.219.232,64767,201.121.126.249,8080,RDP,895,0x0010
2025-07-31 03:30:47,37.105.193.226,19692,136.230.34.103,8080,HTTPS,1069,0x0011
2025-07-31 06:08:40,92.2.57.182,52314,88.68.217.153,41769,UDP,1150,0x0010
2025-07-31 08:37:20,37.105.193.226,23966,13.195.117.162,443,TCP,401,0x0011
2025-07-31 06:21:39,131.32.149.124,13343,140.121.54.154,8080,RDP,325,0x0011
2025-07-31 11:18:52,13.195.117.162,39647,131.32.149.124,80,HTTP,135,0x0011
2025-07-31 16:42:50,13.195.117.162,7435,136.230.34.103,8080,HTTPS,1035,0x0011
2025-07-31 02:57:38,20.139.69.222,10506,51.65.219.232,57412,HTTPS,604,0x0010
2025-07-31 18:02:41,13.195.117.162,12051,201.121.126.249,8080,TCP,1179,0x0018
2025-07-31 09:13:36,51.65.219.232,58395,140.121.54.154,443,UDP,280,0x0011
2025-07-31 17:45:56,92.2.57.182,21476,13.195.117.162,443,HTTP,885,0x0010
2025-07-31 09:03:47,13.195.117.162,24738,136.230.34.103,80,TLS,664,0x0002
2025-07-31 17:29:17,88.68.217.153,38240,37.105.193.226,443,UDP,257,0x0011
2025-07-31 12:58:31,37.105.193.226,54050,88.68.217.153,33704,HTTP,1044,0x0011
2025-07-31 02:14:20,51.65.219.232,65157,201.121.126.249,443,HTTP,1152,0x0011
2025-07-30 23:34:11,51.65.219.232,47599,201.121.126.249,8080,TCP,1044,0x0011
2025-07-31 15:12:35,88.68.217.153,2273,51.65.219.232,9029,UDP,595,0x0011
2025-07-31 00:49:38,92.2.57.182,62445,201.121.126.249,443,TCP,317,0x0010
2025-07-31 09:20:36,201.121.126.249,26856,136.230.34.103,80,RDP,755,0x0002
2025-07-31 16:44:45,136.230.34.103,58799,51.65.219.232,8080,TLS,324,0x0010
2025-07-31 15:51:59,13.195.117.162,3772,140.121.54.154,80,UDP,599,0x0002
2025-07-31 15:50:26,92.2.57.182,41911,201.121.126.249,80,TCP,1462,0x0018
2025-07-31 10:14:28,92.2.57.182,58148,201.121.126.249,443,TCP,383,0x0002
2025-07-31 19:31:40,136.230.34.103,54013,201.121.126.249,443,HTTPS,658,0x0010
2025-07-31 22:40:10,92.2.57.182,17145,37.105.193.226,80,UDP,492,0x0010
2025-07-31 12:03:58,140.121.54.154,6389,51.65.219.232,443,HTTP,503,0x0010
2025-07-31 19:25:28,92.2.57.182,64830,37.105.193.226,8080,TCP,763,0x0018
2025-07-31 16:41:03,201.121.126.249,42588,92.2.57.182,80,RDP,1169,0x0002
2025-07-31 21:00:05,92.2.57.182,35591,20.139.69.222,443,TCP,894,0x0010
2025-07-31 09:09:49,92.2.57.182,43640,51.65.219.232,443,HTTP,338,0x0018
2025-07-31 18:35:38,37.105.193.226,53931,51.65.219.232,8080,TLS,1078,0x0018
2025-07-31 08:20:18,136.230.34.103,3544,140.121.54.154,1436,HTTP,654,0x0018
2025-07-31 18:18:55,88.68.217.153,8013,201.121.126.249,443,TCP,1029,0x0010
2025-07-31 02:56:20,51.65.219.232,27662,92.2.57.182,443,RDP,1351,0x0002
2025-07-31 11:28:56,140.121.54.154,21021,201.121.126.249,26618,UDP,1068,0x0011
2025-07-31 13:52:01,51.65.219.232,39267,92.2.57.182,80,TCP,506,0x0018
2025-07-31 00:27:24,20.139.69.222,34317,92.2.57.182,443,RDP,770,0x0011
2025-07-31 06:11:28,13.195.117.162,13898,20.139.69.222,80,HTTP,882,0x0002
2025-07-31 18:36:59,51.65.219.232,36052,20.139.69.222,27063,HTTP,1223,0x0002
2025-07-31 04:29:29,37.105.193.226,49580,201.121.126.249,8080,TLS,1011,0x0002
2025-07-31 13:56:13,13.195.117.162,8083,131.32.149.124,80,UDP,772,0x0010
2025-07-31 21:06:14,20.139.69.222,14738,13.195.117.162,34863,RDP,340,0x0018
2025-07-31 06:49:19,201.121.126.249,48061,140.121.54.154,443,RDP,631,0x0011
2025-07-31 09:55:14,131.32.149.124,7540,37.105.193.226,443,HTTP,785,0x0002
2025-07-30 23:23:44,88.68.217.153,38589,20.139.69.222,8080,HTTP,744,0x0002
2025-07-31 10:58:29,51.65.219.232,23441,20.139.69.222,31931,RDP,563,0x0002
2025-07-31 22:32:26,51.65.219.232,33238,131.32.149.124,8080,TCP,1291,0x0002
2025-07-31 22:23:22,201.121.126.249,60098,140.121.54.154,80,HTTPS,104,0x0018
2025-07-31 03:20:31,37.105.193.226,45130,131.32.149.124,20747,RDP,1470,0x0010
2025-07-31 05:22:30,51.65.219.232,36130,20.139.69.222,52621,HTTP,1230,0x0011
2025-07-31 06:47:03,136.230.34.103,43124,51.65.219.232,80,UDP,1279,0x0010
2025-07-31 23:16:47,88.68.217.153,15598,140.121.54.154,80,TCP,1044,0x0018
2025-07-31 12:20:16,201.121.126.249,23933,92.2.57.182,29148,RDP,1105,0x0018
2025-07-31 00:25:19,20.139.69.222,51586,140.121.54.154,29634,UDP,981,0x0011
2025-07-31 14:16:02,37.105.193.226,57289,51.65.219.232,80,TLS,1442,0x0010
2025-07-31 07:22:49,37.105.193.226,12875,51.65.219.232,8080,TCP,117,0x0018
2025-07-31 18:43:00,201.121.126.249,26452,37.105.193.226,8080,TCP,733,0x0011
2025-07-31 04:27:48,201.121.126.249,50516,136.230.34.103,80,TCP,649,0x0002
2025-07-31 13:00:36,92.2.57.182,38110,37.105.193.226,33787,TLS,647,0x0010
2025-07-31 21:31:00,88.68.217.153,29135,201.121.126.249,80,TLS,240,0x0011
2025-07-31 20:01:06,92.2.57.182,64058,13.195.117.162,80,TLS,1498,0x0002
2025-07-31 12:20:41,201.121.126.249,62483,131.32.149.124,80,UDP,1418,0x0010
2025-07-31 10:33:31,88.68.217.153,56490,131.32.149.124,8080,RDP,1446,0x0010
2025-07-31 03:02:23,140.121.54.154,62681,51.65.219.232,80,HTTP,448,0x0018
2025-07-31 08:50:11,201.121.126.249,62195,51.65.219.232,80,RDP,265,0x0011
2025-07-31 21:05:36,51.65.219.232,54334,88.68.217.153,443,HTTP,1236,0x0010
2025-07-31 18:39:53,140.121.54.154,63349,136.230.34.103,8080,UDP,683,0x0011
2025-07-31 15:32:00,92.2.57.182,55591,13.195.117.162,443,HTTP,1309,0x0002
2025-07-31 20:27:30,51.65.219.232,59175,136.230.34.103,36577,TLS,318,0x0018
2025-07-31 08:18:52,92.2.57.182,23124,201.121.126.249,443,UDP,889,0x0018
2025-07-31 02:14:48,92.2.57.182,63750,131.32.149.124,60419,HTTPS,242,0x0018
2025-07-31 14:48:35,136.230.34.103,26315,37.105.193.226,443,HTTP,202,0x0018
2025-07-31 13:16:02,37.105.193.226,23430,92.2.57.182,80,HTTPS,1160,0x0010
2025-07-31 06:48:57,13.195.117.162,9387,20.139.69.222,443,TCP,962,0x0018
2025-07-31 20:19:06,136.230.34.103,47961,131.32.149.124,443,HTTPS,1208,0x0002
2025-07-31 07:03:24,20.139.69.222,48740,136.230.34.103,9024,RDP,441,0x0018
2025-07-31 02:32:29,201.121.126.249,8501,92.2.57.182,8080,HTTPS,876,0x0018
2025-07-31 22:07:35,140.121.54.154,45519,37.105.193.226,443,UDP,558,0x0018
2025-07-31 21:37:11,88.68.217.153,37625,201.121.126.249,8080,UDP,814,0x0011
2025-07-31 05:19:53,51.65.219.232,3807,13.195.117.162,8080,HTTP,415,0x0011
2025-07-31 02:16:58,131.32.149.124,62696,13.195.117.162,50004,UDP,79,0x0011
2025-07-31 18:54:20,136.230.34.103,40999,20.139.69.222,443,RDP,522,0x0011
2025-07-31 10:14:22,13.195.117.162,59494,51.65.219.232,443,HTTPS,810,0x0011
2025-07-31 08:30:32,136.230.34.103,24173,140.121.54.154,8080,HTTP,774,0x0011
2025-07-31 07:30:14,20.139.69.222,61865,13.195.117.162,8080,HTTP,1186,0x0018
2025-07-31 04:10:15,92.2.57.182,19111,140.121.54.154,6242,RDP,1167,0x0018
2025-07-31 04:56:50,88.68.217.153,36797,13.195.117.162,4222,UDP,146,0x0018
2025-07-31 03:56:43,201.121.126.249,11469,131.32.149.124,8080,UDP,1129,0x0018
2025-07-31 20:01:20,140.121.54.154,35759,131.32.149.124,8080,UDP,96,0x0018
2025-07-31 06:02:06,13.195.117.162,56051,136.230.34.103,443,RDP,1421,0x0002
2025-07-31 16:39:18,37.105.193.226,36031,51.65.219.232,443,TCP,93,0x0011
2025-07-31 22:11:45,51.65.219.232,47174,136.230.34.103,80,TCP,912,0x0018
2025-07-31 13:08:57,37.105.193.226,33696,13.195.117.162,8080,TLS,997,0x0002
2025-07-31 09:47:18,92.2.57.182,19456,20.139.69.222,80,UDP,544,0x0011
2025-07-31 07:46:15,131.32.149.124,22406,136.230.34.103,443,HTTP,1482,0x0018
2025-07-31 15:18:38,136.230.34.103,56685,37.105.193.226,443,TCP,1113,0x0010
2025-07-31 21:29:23,88.68.217.153,10526,136.230.34.103,443,TLS,1290,0x0011
2025-07-31 14:42:52,92.2.57.182,56613,131.32.149.124,443,RDP,125,0x0018
2025-07-31 11:32:23,13.195.117.162,42228,88.68.217.153,443,HTTPS,1113,0x0011
2025-07-31 10:41:12,37.105.193.226,34956,51.65.219.232,80,HTTPS,1499,0x0010
2025-07-31 18:31:23,140.121.54.154,49133,131.32.149.124,80,UDP,206,0x0010
2025-07-31 22:07:08,136.230.34.103,25776,51.65.219.232,443,RDP,1234,0x0010
2025-07-31 15:22:31,51.65.219.232,21507,131.32.149.124,48237,RDP,374,0x0010
2025-07-30 23:39:37,140.121.54.154,42361,20.139.69.222,443,TCP,578,0x0018
2025-07-31 05:38:19,13.195.117.162,44106,136.230.34.103,80,TCP,1344,0x0010
2025-07-31 10:56:48,13.195.117.162,56144,88.68.217.153,443,HTTP,68,0x0002
2025-07-31 19:42:42,140.121.54.154,28601,51.65.219.232,443,TLS,537,0x0010
2025-07-31 00:38:32,51.65.219.232,24776,13.195.117.162,8080,TLS,765,0x0018
2025-07-31 14:01:44,88.68.217.153,6430,13.195.117.162,8080,UDP,961,0x0010
2025-07-31 18:49:14,20.139.69.222,55963,37.105.193.226,443,HTTPS,597,0x0002
2025-07-31 18:33:39,136.230.34.103,30905,37.105.193.226,443,UDP,891,0x0011
2025-07-31 02:58:50,37.105.193.226,36208,201.121.126.249,54149,HTTPS,315,0x0018
2025-07-31 17:51:33,37.105.193.226,48950,20.139.69.222,8080,RDP,1121,0x0018
2025-07-31 21:02:07,201.121.126.249,26875,51.65.219.232,50445,HTTP,1112,0x0018
2025-07-31 01:01:33,136.230.34.103,48599,20.139.69.222,8080,RDP,145,0x0011
2025-07-31 21:02:54,13.195.117.162,24921,37.105.193.226,8080,HTTPS,1467,0x0011
2025-07-31 18:53:45,92.2.57.182,18425,136.230.34.103,443,UDP,994,0x0011
2025-07-31 07:52:14,92.2.57.182,19986,88.68.217.153,8080,RDP,1311,0x0002
2025-07-31 00:40:46,131.32.149.124,62100,140.121.54.154,35813,TCP,776,0x0002
2025-07-31 17:39:41,13.195.117.162,48522,140.121.54.154,80,HTTPS,274,0x0002
2025-07-31 18:34:41,37.105.193.226,58751,136.230.34.103,39791,TCP,371,0x0010
2025-07-31 13:55:06,140.121.54.154,22969,51.65.219.232,8080,TCP,383,0x0002
2025-07-31 02:19:05,37.105.193.226,2068,92.2.57.182,8080,HTTPS,1144,0x0002
2025-07-31 17:24:30,201.121.126.249,42141,37.105.193.226,8080,HTTPS,904,0x0018
2025-07-31 17:23:01,131.32.149.124,19686,140.121.54.154,40041,HTTPS,1053,0x0018
2025-07-31 14:01:40,136.230.34.103,37249,201.121.126.249,8080,TLS,1357,0x0018
2025-07-31 18:27:35,131.32.149.124,59867,136.230.34.103,41695,RDP,1194,0x0011
2025-07-31 18:34:02,51.65.219.232,63840,140.121.54.154,38037,RDP,409,0x0018
2025-07-31 01:52:20,20.139.69.222,6755,92.2.57.182,8080,RDP,1241,0x0018
2025-07-31 17:46:51,92.2.57.182,60430,131.32.149.124,80,TCP,1490,0x0002
2025-07-31 04:00:01,37.105.193.226,37108,140.121.54.154,80,UDP,887,0x0010
2025-07-31 22:19:24,131.32.149.124,50654,140.121.54.154,80,UDP,58,0x0010
2025-07-31 06:35:40,131.32.149.124,50207,13.195.117.162,45134,HTTP,621,0x0002
2025-07-31 10:14:52,131.32.149.124,32809,37.105.193.226,443,HTTP,873,0x0011
2025-07-31 02:19:33,201.121.126.249,33850,92.2.57.182,80,HTTPS,377,0x0002
2025-07-31 22:49:58,136.230.34.103,12136,88.68.217.153,8080,TCP,1240,0x0011
2025-07-31 06:32:42,140.121.54.154,29195,92.2.57.182,1211,UDP,1186,0x0010
2025-07-31 01:53:34,13.195.117.162,18128,51.65.219.232,9790,HTTP,1007,0x0010
2025-07-31 05:18:19,20.139.69.222,52282,88.68.217.153,80,RDP,533,0x0002
2025-07-31 22:49:20,51.65.219.232,17621,13.195.117.162,80,TCP,168,0x0002
2025-07-31 16:59:46,13.195.117.162,5481,92.2.57.182,80,UDP,1161,0x0011
2025-07-30 23:31:50,13.195.117.162,58129,37.105.193.226,8080,TLS,1435,0x0011
2025-07-31 07:10:26,131.32.149.124,31475,136.230.34.103,8080,TCP,944,0x0018
2025-07-31 00:44:18,13.195.117.162,6818,20.139.69.222,443,HTTP,693,0x0018
2025-07-31 03:01:01,51.65.219.232,21688,20.139.69.222,80,TCP,154,0x0010
2025-07-31 21:47:22,92.2.57.182,47098,88.68.217.153,8080,HTTP,590,0x0011
2025-07-31 02:26:48,51.65.219.232,2996,88.68.217.153,8080,UDP,1239,0x0010
2025-07-31 04:50:02,88.68.217.153,20707,131.32.149.124,80,HTTPS,533,0x0018
2025-07-31 20:40:50,88.68.217.153,19168,13.195.117.162,80,TLS,1215,0x0018
2025-07-31 04:30:43,140.121.54.154,35597,13.195.117.162,443,TCP,990,0x0018
2025-07-31 19:55:33,136.230.34.103,30018,140.121.54.154,19195,TLS,1390,0x0010
2025-07-31 02:14:31,140.121.54.154,50136,136.230.34.103,443,HTTP,912,0x0002
2025-07-30 23:25:16,201.121.126.249,27290,136.230.34.103,443,TLS,1306,0x0002
2025-07-31 21:39:28,136.230.34.103,45994,51.65.219.232,5064,TLS,1140,0x0018
2025-07-31 08:59:03,37.105.193.226,50077,51.65.219.232,8080,HTTP,1198,0x0011
2025-07-31 11:53:35,92.2.57.182,35641,140.121.54.154,80,HTTP,1066,0x0018
2025-07-31 19:35:58,20.139.69.222,18002,88.68.217.153,443,TLS,287,0x0010
2025-07-31 23:07:27,88.68.217.153,42583,140.121.54.154,11660,HTTP,279,0x0010
2025-07-31 22:07:07,20.139.69.222,10128,201.121.126.249,443,RDP,1316,0x0011
2025-07-31 11:13:21,88.68.217.153,4391,20.139.69.222,80,TCP,1381,0x0018
2025-07-31 16:48:03,131.32.149.124,32276,37.105.193.226,53776,RDP,159,0x0018
2025-07-31 10:05:09,51.65.219.232,61603,140.121.54.154,8080,HTTPS,587,0x0018
2025-07-31 02:00:51,201.121.126.249,16923,92.2.57.182,49614,TLS,450,0x0018
2025-07-31 15:13:48,131.32.149.124,42160,88.68.217.153,80,UDP,1427,0x0018
2025-07-31 10:15:08,20.139.69.222,12798,13.195.117.162,80,RDP,952,0x0010
2025-07-31 17:34:49,131.32.149.124,50436,136.230.34.103,80,RDP,1187,0x0011
2025-07-31 12:03:25,131.32.149.124,44748,201.121.126.249,80,TLS,1352,0x0018
2025-07-31 10:31:11,131.32.149.124,59762,88.68.217.153,443,HTTP,807,0x0010
2025-07-31 10:01:30,136.230.34.103,27899,92.2.57.182,80,HTTP,590,0x0010
2025-07-30 23:39:05,136.230.34.103,26429,88.68.217.153,443,UDP,607,0x0010
2025-07-31 19:14:33,13.195.117.162,62356,37.105.193.226,80,HTTPS,222,0x0011
2025-07-31 23:07:10,136.230.34.103,9080,92.2.57.182,26535,UDP,1060,0x0010
2025-07-31 11:48:01,131.32.149.124,34892,136.230.34.103,60246,TLS,1402,0x0010
2025-07-31 14:46:17,13.195.117.162,48037,37.105.193.226,1916,TCP,103,0x0018
2025-07-31 12:09:40,13.195.117.162,10467,201.121.126.249,443,RDP,325,0x0011
2025-07-31 15:12:58,88.68.217.153,36010,13.195.117.162,443,HTTP,627,0x0011
2025-07-31 22:43:54,37.105.193.226,42930,136.230.34.103,443,RDP,1193,0x0018
2025-07-31 02:35:55,37.105.193.226,46761,13.195.117.162,80,TLS,625,0x0018
2025-07-31 03:04:58,51.65.219.232,3771,88.68.217.153,443,RDP,877,0x0011
2025-07-31 07:30:25,13.195.117.162,24271,37.105.193.226,80,TLS,382,0x0002
2025-07-31 07:56:06,136.230.34.103,46310,92.2.57.182,2283,HTTP,360,0x0002
2025-07-31 14:05:56,88.68.217.153,53084,20.139.69.222,17242,HTTPS,459,0x0011
2025-07-31 04:47:52,13.195.117.162,32426,88.68.217.153,443,HTTPS,1468,0x0010
2025-07-31 14:53:47,20.139.69.222,41074,136.230.34.103,443,HTTPS,755,0x0018
2025-07-31 21:06:35,140.121.54.154,40675,20.139.69.222,80,HTTPS,725,0x0010
2025-07-31 14:03:32,88.68.217.153,21724,13.195.117.162,30699,HTTP,77,0x0018
2025-07-31 02:35:28,136.230.34.103,12717,88.68.217.153,80,UDP,729,0x0011
2025-07-31 13:44:11,140.121.54.154,3314,88.68.217.153,80,TCP,228,0x0011
2025-07-31 08:05:19,88.68.217.153,33370,140.121.54.154,80,TLS,511,0x0002
2025-07-31 07:43:08,51.65.219.232,34115,37.105.193.226,80,HTTPS,1274,0x0011
2025-07-31 04:06:13,92.2.57.182,65437,201.121.126.249,80,RDP,1487,0x0010
2025-07-31 09:48:22,140.121.54.154,54015,13.195.117.162,24641,TCP,1398,0x0018
2025-07-31 21:39:46,88.68.217.153,64204,92.2.57.182,63059,HTTP,318,0x0018
2025-07-31 22:41:24,140.121.54.154,57093,37.105.193.226,60394,TLS,99,0x0010
2025-07-31 03:55:10,140.121.54.154,43081,51.65.219.232,443,TCP,1028,0x0002
2025-07-31 20:43:22,201.121.126.249,16688,20.139.69.222,59748,TCP,59,0x0011
2025-07-31 04:58:36,92.2.57.182,20533,201.121.126.249,8080,UDP,1364,0x0010
2025-07-31 10:10:08,88.68.217.153,46786,20.139.69.222,443,HTTPS,1356,0x0010
2025-07-30 23:25:48,13.195.117.162,19349,140.121.54.154,8080,TCP,1105,0x0002
2025-07-31 16:23:14,88.68.217.153,62115,13.195.117.162,8080,UDP,1146,0x0010
2025-07-31 20:55:57,136.230.34.103,46756,140.121.54.154,80,TLS,811,0x0002
2025-07-31 03:04:29,37.105.193.226,59751,131.32.149.124,40796,TCP,1447,0x0018
2025-07-31 17:22:46,13.195.117.162,50833,88.68.217.153,80,UDP,704,0x0011
2025-07-31 18:40:04,37.105.193.226,39225,13.195.117.162,80,HTTP,465,0x0018
2025-07-31 15:04:18,88.68.217.153,24201,92.2.57.182,54802,TCP,903,0x0002
2025-07-31 02:18:26,37.105.193.226,47523,136.230.34.103,443,RDP,1426,0x0010
2025-07-31 02:01:53,136.230.34.103,53231,51.65.219.232,443,UDP,53,0x0011
2025-07-31 05:20:48,131.32.149.124,63935,88.68.217.153,80,HTTPS,90,0x0011
2025-07-31 04:42:16,88.68.217.153,49169,201.121.126.249,8080,HTTP,1266,0x0011
2025-07-31 12:58:39,201.121.126.249,5904,92.2.57.182,8080,HTTPS,743,0x0010
2025-07-31 21:35:14,131.32.149.124,21763,20.139.69.222,443,TLS,1135,0x0011
2025-07-31 18:14:26,13.195.117.162,14664,51.65.219.232,443,HTTP,75,0x0002
2025-07-31 10:06:24,201.121.126.249,32641,88.68.217.153,8080,HTTP,868,0x0010
2025-07-31 08:45:54,136.230.34.103,47581,201.121.126.249,443,HTTPS,1325,0x0010
2025-07-31 18:37:05,88.68.217.153,8411,92.2.57.182,60911,TLS,1111,0x0002
2025-07-31 13:55:55,92.2.57.182,18832,201.121.126.249,8080,TCP,819,0x0002
2025-07-31 01:39:21,37.105.193.226,4051,201.121.126.249,80,HTTPS,1468,0x0011
2025-07-31 09:32:42,51.65.219.232,41119,37.105.193.226,22743,TLS,839,0x0018
2025-07-31 17:24:52,136.230.34.103,61377,140.121.54.154,31038,HTTP,235,0x0010
2025-07-30 23:39:52,201.121.126.249,6283,131.32.149.124,80,RDP,782,0x0011
2025-07-31 09:59:47,51.65.219.232,46177,131.32.149.124,443,RDP,199,0x0002
2025-07-31 11:23:10,51.65.219.232,61768,140.121.54.154,8080,TLS,860,0x0002
2025-07-31 02:42:30,201.121.126.249,35940,13.195.117.162,26126,HTTPS,1419,0x0010
2025-07-31 14:01:44,88.68.217.153,36223,140.121.54.154,443,UDP,1497,0x0002
2025-07-31 06:44:44,88.68.217.153,56022,51.65.219.232,8080,TCP,724,0x0002
2025-07-31 07:39:53,140.121.54.154,25488,20.139.69.222,47263,RDP,620,0x0010
2025-07-31 14:20:29,201.121.126.249,44632,13.195.117.162,443,HTTP,596,0x0018
2025-07-31 04:43:41,51.65.219.232,12476,37.105.193.226,13578,TLS,986,0x0010
2025-07-31 10:31:27,201.121.126.249,60556,37.105.193.226,12383,UDP,360,0x0010
2025-07-31 14:41:31,88.68.217.153,3035,20.139.69.222,80,UDP,633,0x0011
2025-07-31 00:03:15,140.121.54.154,32175,51.65.219.232,443,HTTPS,1261,0x0002
2025-07-31 10:12:23,88.68.217.153,42185,92.2.57.182,80,TCP,79,0x0010
2025-07-31 22:27:29,140.121.54.154,3340,88.68.217.153,80,TCP,791,0x0011
2025-07-31 05:58:37,88.68.217.153,40394,20.139.69.222,64212,HTTP,511,0x0018
2025-07-31 03:45:17,20.139.69.222,28373,37.105.193.226,443,TLS,1391,0x0010
2025-07-31 23:08:48,51.65.219.232,48665,92.2.57.182,8080,RDP,333,0x0010
2025-07-31 06:01:39,20.139.69.222,24139,13.195.117.162,8080,TCP,394,0x0011
2025-07-31 23:02:36,13.195.117.162,31757,136.230.34.103,80,UDP,333,0x0010
2025-07-31 12:10:02,20.139.69.222,32241,131.32.149.124,5133,HTTP,1324,0x0011
2025-07-31 13:05:24,13.195.117.162,9334,201.121.126.249,47645,TCP,439,0x0002
2025-07-31 01:40:26,201.121.126.249,64846,37.105.193.226,7574,TLS,261,0x0002
2025-07-31 02:07:30,51.65.219.232,37667,37.105.193.226,443,TCP,308,0x0010
2025-07-31 05:21:21,92.2.57.182,38391,201.121.126.249,8080,HTTPS,1021,0x0018
2025-07-31 21:51:03,136.230.34.103,42427,20.139.69.222,46325,HTTPS,257,0x0018
2025-07-31 05:01:38,13.195.117.162,35105,20.139.69.222,22817,TLS,945,0x0002
2025-07-31 19:22:11,131.32.149.124,60072,201.121.126.249,42802,UDP,241,0x0011
2025-07-31 03:52:40,140.121.54.154,12682,88.68.217.153,57427,TCP,818,0x0011
2025-07-31 22:02:20,201.121.126.249,43411,92.2.57.182,443,TLS,416,0x0018
2025-07-31 01:52:14,131.32.149.124,61562,88.68.217.153,443,TLS,86,0x0002
2025-07-31 18:49:43,20.139.69.222,18731,201.121.126.249,38349,TLS,1188,0x0010
2025-07-31 22:10:03,13.195.117.162,39618,20.139.69.222,8080,TCP,433,0x0018
2025-07-31 02:14:42,37.105.193.226,5260,131.32.149.124,8080,HTTP,861,0x0011
2025-07-31 21:26:21,140.121.54.154,34865,13.195.117.162,443,HTTP,1304,0x0010
2025-07-31 13:28:34,131.32.149.124,55487,20.139.69.222,8080,UDP,933,0x0010
2025-07-31 19:00:09,136.230.34.103,5310,88.68.217.153,443,UDP,279,0x0002
2025-07-31 16:04:09,92.2.57.182,56124,136.230.34.103,80,TCP,1329,0x0011
2025-07-31 11:05:31,51.65.219.232,20774,131.32.149.124,80,TLS,856,0x0011
2025-07-31 16:55:52,201.121.126.249,54607,51.65.219.232,80,RDP,491,0x0002
2025-07-31 22:33:56,51.65.219.232,50887,13.195.117.162,443,UDP,1114,0x0011
2025-07-31 20:04:31,140.121.54.154,13828,131.32.149.124,20786,UDP,608,0x0018
2025-07-31 22:01:56,136.230.34.103,56554,37.105.193.226,8080,TCP,1449,0x0010
2025-07-31 16:39:11,88.68.217.153,40516,13.195.117.162,443,RDP,642,0x0002
2025-07-31 12:08:24,140.121.54.154,64524,136.230.34.103,38771,UDP,1368,0x0011
2025-07-31 02:33:53,131.32.149.124,22038,92.2.57.182,443,HTTP,1069,0x0002
2025-07-31 05:34:15,51.65.219.232,62993,88.68.217.153,42503,UDP,523,0x0018
2025-07-31 21:21:29,136.230.34.103,51065,13.195.117.162,443,HTTPS,565,0x0018
2025-07-31 15:20:58,201.121.126.249,9092,20.139.69.222,8080,RDP,187,0x0018
2025-07-31 01:09:49,51.65.219.232,37370,20.139.69.222,63710,RDP,750,0x0010
2025-07-31 02:36:05,20.139.69.222,26982,13.195.117.162,443,RDP,920,0x0002
2025-07-31 12:30:42,131.32.149.124,31494,37.105.193.226,443,UDP,655,0x0002
2025-07-31 17:31:12,20.139.69.222,33010,13.195.117.162,27341,TLS,1124,0x0010
2025-07-31 01:27:04,201.121.126.249,41651,92.2.57.182,8080,HTTPS,47,0x0011
2025-07-31 04:49:45,140.121.54.154,38244,13.195.117.162,33159,HTTP,333,0x0018
2025-07-31 04:07:18,20.139.69.222,32124,13.195.117.162,443,TLS,1008,0x0010
2025-07-31 15:50:42,37.105.193.226,54890,51.65.219.232,8080,TCP,129,0x0002
2025-07-31 04:26:38,92.2.57.182,57742,88.68.217.153,443,HTTP,451,0x0002
2025-07-31 10:03:25,92.2.57.182,14675,51.65.219.232,443,TCP,592,0x0011
2025-07-31 22:29:37,88.68.217.153,58510,140.121.54.154,12048,TCP,1149,0x0002
2025-07-31 05:50:11,37.105.193.226,17132,140.121.54.154,39283,UDP,1212,0x0002
2025-07-31 00:56:38,88.68.217.153,35854,140.121.54.154,443,HTTPS,865,0x0011
2025-07-31 17:35:18,136.230.34.103,65209,20.139.69.222,80,HTTP,340,0x0011
2025-07-31 01:22:26,201.121.126.249,43349,88.68.217.153,443,RDP,1344,0x0010
2025-07-31 10:15:05,51.65.219.232,6503,13.195.117.162,8080,TCP,1265,0x0011
2025-07-31 02:18:44,131.32.149.124,36465,20.139.69.222,8080,HTTP,1448,0x0010
2025-07-31 16:59:46,37.105.193.226,55597,51.65.219.232,32512,HTTPS,952,0x0002
2025-07-31 22:07:04,37.105.193.226,62989,13.195.117.162,8080,RDP,441,0x0018
2025-07-31 05:51:45,51.65.219.232,53251,92.2.57.182,80,UDP,995,0x0011
2025-07-31 15:34:46,37.105.193.226,54164,136.230.34.103,443,TCP,881,0x0011
2025-07-31 20:14:02,13.195.117.162,21715,131.32.149.124,45809,HTTPS,1478,0x0018
2025-07-31 20:06:10,201.121.126.249,2410,131.32.149.124,443,HTTP,732,0x0011
2025-07-31 03:48:07,136.230.34.103,50170,92.2.57.182,8080,HTTP,458,0x0010
2025-07-31 16:01:32,136.230.34.103,18149,20.139.69.222,80,HTTP,1481,0x0011
2025-07-31 08:32:09,140.121.54.154,11400,37.105.193.226,80,TCP,1036,0x0010
2025-07-31 18:10:53,140.121.54.154,36323,37.105.193.226,443,HTTP,1147,0x0018
2025-07-31 15:58:03,92.2.57.182,7147,131.32.149.124,8080,HTTP,1075,0x0018
2025-07-31 13:54:44,37.105.193.226,53307,92.2.57.182,8080,RDP,217,0x0002
2025-07-31 01:58:10,131.32.149.124,5492,88.68.217.153,8080,HTTPS,1360,0x0010
2025-07-31 11:02:54,92.2.57.182,7770,140.121.54.154,8080,TCP,1348,0x0018
2025-07-30 23:56:52,136.230.34.103,50063,20.139.69.222,443,HTTP,1220,0x0010
2025-07-31 01:36:47,92.2.57.182,15858,136.230.34.103,443,TLS,893,0x0002
2025-07-31 21:26:26,201.121.126.249,8677,140.121.54.154,36103,RDP,213,0x0011
2025-07-31 22:03:51,88.68.217.153,60406,51.65.219.232,80,UDP,1290,0x0010
2025-07-30 23:27:52,136.230.34.103,15189,92.2.57.182,45637,UDP,1082,0x0002
2025-07-31 15:28:49,140.121.54.154,35237,20.139.69.222,443,RDP,669,0x0010
2025-07-31 00:56:04,88.68.217.153,31680,131.32.149.124,80,HTTP,448,0x0011
2025-07-31 17:38:05,51.65.219.232,14467,13.195.117.162,8080,TCP,370,0x0010
2025-07-31 08:25:53,51.65.219.232,54296,140.121.54.154,80,TCP,1311,0x0010
2025-07-31 10:34:21,51.65.219.232,3671,136.230.34.103,443,UDP,735,0x0010
2025-07-31 10:30:47,131.32.149.124,46550,136.230.34.103,8080,UDP,485,0x0011
2025-07-31 07:28:50,201.121.126.249,61984,20.139.69.222,8080,TLS,1405,0x0018
2025-07-31 10:44:46,136.230.34.103,57026,37.105.193.226,80,HTTP,459,0x0011
2025-07-31 04:58:26,20.139.69.222,64112,136.230.34.103,7036,UDP,128,0x0002
2025-07-31 20:33:13,92.2.57.182,58053,88.68.217.153,8080,HTTPS,305,0x0011
2025-07-31 01:09:57,13.195.117.162,9873,131.32.149.124,8790,TCP,982,0x0018
2025-07-31 00:13:36,140.121.54.154,6647,51.65.219.232,40823,UDP,198,0x0002
2025-07-31 12:30:17,51.65.219.232,58303,131.32.149.124,443,TLS,363,0x0002
2025-07-31 06:25:24,51.65.219.232,2139,37.105.193.226,443,UDP,437,0x0018
2025-07-31 10:44:38,51.65.219.232,50069,201.121.126.249,80,TLS,1395,0x0011
2025-07-31 07:06:58,13.195.117.162,32038,201.121.126.249,80,HTTP,1270,0x0010
2025-07-31 16:47:15,20.139.69.222,50186,131.32.149.124,50689,RDP,1336,0x0018
2025-07-31 19:48:23,131.32.149.124,40005,51.65.219.232,8080,HTTP,852,0x0010
2025-07-31 20:05:07,140.121.54.154,55564,20.139.69.222,8080,RDP,190,0x0002
2025-07-31 03:24:00,20.139.69.222,59380,13.195.117.162,54768,TLS,994,0x0018
2025-07-31 12:44:37,13.195.117.162,12470,92.2.57.182,8080,TCP,1421,0x0010
2025-07-31 15:39:28,140.121.54.154,21823,51.65.219.232,8080,HTTPS,582,0x0011
2025-07-31 20:36:49,51.65.219.232,50433,140.121.54.154,8080,TCP,150,0x0002
2025-07-31 17:17:03,51.65.219.232,46469,88.68.217.153,80,TLS,942,0x0011
2025-07-31 04:22:51,140.121.54.154,20479,136.230.34.103,80,HTTP,490,0x0011
2025-07-31 01:26:54,13.195.117.162,29756,51.65.219.232,80,UDP,1395,0x0018
2025-07-31 08:22:28,92.2.57.182,12359,51.65.219.232,47966,HTTP,126,0x0018
2025-07-31 00:17:00,20.139.69.222,40421,13.195.117.162,443,UDP,879,0x0018
2025-07-31 20:17:19,131.32.149.124,55420,136.230.34.103,11996,HTTP,1298,0x0002
2025-07-31 04:11:03,201.121.126.249,58094,13.195.117.162,8080,HTTP,1415,0x0010
2025-07-31 10:05:05,37.105.193.226,52870,201.121.126.249,443,TLS,1212,0x0010
2025-07-31 12:57:49,92.2.57.182,26039,136.230.34.103,8080,TCP,1153,0x0002
2025-07-31 01:58:14,201.121.126.249,47401,140.121.54.154,8080,HTTPS,437,0x0002
2025-07-31 09:41:04,51.65.219.232,51255,201.121.126.249,443,UDP,1240,0x0010
2025-07-31 09:17:58,201.121.126.249,5750,37.105.193.226,443,UDP,1077,0x0010
2025-07-31 02:01:46,13.195.117.162,44918,136.230.34.103,443,TLS,426,0x0018
2025-07-31 14:53:09,88.68.217.153,21327,201.121.126.249,443,HTTPS,270,0x0011
2025-07-31 09:41:44,51.65.219.232,49510,92.2.57.182,80,TLS,1273,0x0010
2025-07-31 06:10:19,140.121.54.154,10213,37.105.193.226,8080,TLS,1262,0x0002
2025-07-31 01:58:21,140.121.54.154,3984,131.32.149.124,20724,HTTP,341,0x0011
2025-07-31 18:29:20,201.121.126.249,54942,92.2.57.182,443,RDP,94,0x0002
2025-07-31 04:26:07,37.105.193.226,42532,92.2.57.182,8080,RDP,195,0x0011
2025-07-31 07:11:10,201.121.126.249,2940,88.68.217.153,80,HTTP,664,0x0011
2025-07-31 12:25:56,20.139.69.222,50894,140.121.54.154,80,HTTPS,1016,0x0011
2025-07-31 07:06:51,136.230.34.103,11978,201.121.126.249,80,TLS,718,0x0011
2025-07-31 19:02:04,13.195.117.162,11136,51.65.219.232,8080,TLS,1253,0x0011
2025-07-31 16:15:17,51.65.219.232,55374,140.121.54.154,443,HTTP,1452,0x0002
2025-07-31 13:40:51,201.121.126.249,19277,20.139.69.222,443,TCP,415,0x0011
2025-07-31 00:37:51,37.105.193.226,6093,136.230.34.103,19831,RDP,757,0x0018
2025-07-31 21:56:56,92.2.57.182,7687,88.68.217.153,80,HTTPS,1487,0x0011
2025-07-31 07:31:36,140.121.54.154,13797,88.68.217.153,30467,HTTP,1220,0x0010
2025-07-31 04:49:00,140.121.54.154,43738,88.68.217.153,63927,TLS,1408,0x0018
2025-07-31 23:12:42,136.230.34.103,35062,51.65.219.232,443,TCP,143,0x0010
2025-07-31 14:44:37,92.2.57.182,38703,51.65.219.232,80,HTTPS,1454,0x0010
2025-07-31 21:56:36,20.139.69.222,32982,13.195.117.162,443,HTTP,710,0x0011
2025-07-31 18:00:34,51.65.219.232,13375,136.230.34.103,443,UDP,130,0x0010
2025-07-31 12:07:50,20.139.69.222,8181,201.121.126.249,443,TCP,728,0x0011
2025-07-31 20:07:55,51.65.219.232,25427,136.230.34.103,8080,HTTP,697,0x0002
2025-07-31 16:55:49,131.32.149.124,5703,37.105.193.226,80,UDP,113,0x0018
2025-07-31 16:35:17,131.32.149.124,51313,136.230.34.103,80,TLS,588,0x0010
2025-07-31 22:19:21,51.65.219.232,36408,140.121.54.154,80,HTTP,315,0x0011
2025-07-31 00:59:43,88.68.217.153,38687,20.139.69.222,443,HTTP,142,0x0002
2025-07-31 12:13:51,37.105.193.226,56588,201.121.126.249,56606,HTTP,306,0x0002
2025-07-31 22:04:17,13.195.117.162,29723,92.2.57.182,28153,UDP,820,0x0018
2025-07-31 19:37:05,37.105.193.226,12293,20.139.69.222,25833,UDP,514,0x0011
2025-07-31 05:35:10,51.65.219.232,5200,20.139.69.222,443,HTTP,1161,0x0010
2025-07-31 18:48:35,136.230.34.103,24910,13.195.117.162,80,RDP,1013,0x0010
2025-07-31 15:18:20,201.121.126.249,52510,136.230.34.103,443,HTTP,61,0x0002
2025-07-31 03:13:26,131.32.149.124,40225,51.65.219.232,8080,RDP,41,0x0002
2025-07-31 20:55:28,51.65.219.232,38154,37.105.193.226,443,HTTPS,1009,0x0018
2025-07-31 22:21:52,13.195.117.162,53188,140.121.54.154,80,RDP,958,0x0018
2025-07-31 13:06:46,37.105.193.226,37320,13.195.117.162,15162,UDP,538,0x0011
2025-07-31 03:28:34,13.195.117.162,12823,201.121.126.249,80,HTTP,961,0x0011
2025-07-31 20:54:26,88.68.217.153,36213,201.121.126.249,443,TLS,1224,0x0002
2025-07-31 01:44:59,37.105.193.226,52945,92.2.57.182,8080,HTTPS,1412,0x0018
2025-07-31 09:42:37,88.68.217.153,20148,20.139.69.222,55212,TLS,1008,0x0018
2025-07-31 18:44:33,92.2.57.182,2199,13.195.117.162,80,HTTPS,280,0x0010
2025-07-31 04:49:20,37.105.193.226,59547,136.230.34.103,44156,HTTP,990,0x0011
2025-07-31 06:56:12,51.65.219.232,58356,92.2.57.182,8080,UDP,1083,0x0011
2025-07-31 14:04:56,201.121.126.249,14975,140.121.54.154,58543,HTTPS,704,0x0018
2025-07-31 15:02:32,20.139.69.222,15038,131.32.149.124,443,UDP,1126,0x0010
2025-07-31 01:57:08,20.139.69.222,52523,140.121.54.154,80,RDP,788,0x0002
2025-07-31 19:43:51,20.139.69.222,37435,13.195.117.162,8080,HTTP,938,0x0010
2025-07-31 08:15:49,37.105.193.226,54730,51.65.219.232,443,TCP,170,0x0018
2025-07-31 14:25:35,20.139.69.222,56145,51.65.219.232,443,HTTPS,1134,0x0018
2025-07-31 04:29:24,51.65.219.232,32957,92.2.57.182,15590,HTTPS,1464,0x0018
2025-07-31 15:58:43,92.2.57.182,22121,37.105.193.226,80,RDP,1062,0x0011
2025-07-31 00:00:28,131.32.149.124,29330,88.68.217.153,443,HTTP,826,0x0018
2025-07-31 07:59:09,88.68.217.153,56599,92.2.57.182,44652,RDP,927,0x0010
2025-07-31 01:26:58,140.121.54.154,44481,92.2.57.182,443,HTTP,1298,0x0002
2025-07-31 12:01:01,136.230.34.103,34376,20.139.69.222,443,TCP,1481,0x0018
2025-07-30 23:36:21,136.230.34.103,49621,51.65.219.232,3643,HTTP,682,0x0002
2025-07-31 08:39:10,13.195.117.162,59867,20.139.69.222,8080,TLS,388,0x0010
2025-07-31 17:28:16,136.230.34.103,62557,20.139.69.222,8080,RDP,1034,0x0018
2025-07-31 01:30:07,51.65.219.232,27341,131.32.149.124,443,HTTP,217,0x0011
2025-07-31 05:58:46,51.65.219.232,16825,136.230.34.103,80,TLS,1082,0x0010
2025-07-31 07:20:57,136.230.34.103,37977,201.121.126.249,443,TCP,410,0x0011
2025-07-31 07:58:11,37.105.193.226,64557,92.2.57.182,80,TCP,654,0x0011
2025-07-31 06:23:58,88.68.217.153,30551,131.32.149.124,443,TCP,1394,0x0011
2025-07-31 08:02:24,131.32.149.124,43603,136.230.34.103,443,TLS,860,0x0011
2025-07-31 13:41:02,20.139.69.222,39003,13.195.117.162,80,HTTP,1492,0x0002
2025-07-31 11:06:49,37.105.193.226,23028,88.68.217.153,8080,TLS,92,0x0010
2025-07-31 04:04:38,13.195.117.162,37631,92.2.57.182,443,HTTPS,358,0x0010
2025-07-31 04:56:23,20.139.69.222,44704,51.65.219.232,8080,UDP,585,0x0010
2025-07-31 17:10:58,131.32.149.124,46240,37.105.193.226,18137,TCP,443,0x0018
2025-07-31 18:19:51,20.139.69.222,27817,13.195.117.162,8080,UDP,856,0x0011
2025-07-31 12:01:50,13.195.117.162,28820,201.121.126.249,11030,TCP,837,0x0002
2025-07-31 06:39:57,201.121.126.249,18323,92.2.57.182,443,HTTPS,827,0x0011
2025-07-31 03:56:57,88.68.217.153,42554,51.65.219.232,443,TLS,543,0x0018
2025-07-31 18:31:22,140.121.54.154,45530,92.2.57.182,80,UDP,561,0x0011
2025-07-31 04:16:22,13.195.117.162,13899,88.68.217.153,35938,UDP,642,0x0010
2025-07-31 17:01:55,140.121.54.154,5207,88.68.217.153,443,HTTPS,581,0x0018
2025-07-31 14:48:51,37.105.193.226,9414,136.230.34.103,443,HTTPS,885,0x0002
2025-07-31 20:15:00,92.2.57.182,54790,13.195.117.162,16197,RDP,1235,0x0011
2025-07-31 14:41:51,88.68.217.153,17846,136.230.34.103,56296,HTTPS,787,0x0002
2025-07-31 20:43:47,136.230.34.103,38244,37.105.193.226,12907,TLS,1441,0x0011
2025-07-31 19:51:14,13.195.117.162,62240,140.121.54.154,8080,RDP,851,0x0010
2025-07-31 23:22:18,131.32.149.124,7610,37.105.193.226,8080,HTTPS,1479,0x0018
2025-07-31 01:14:14,13.195.117.162,24800,92.2.57.182,80,TLS,562,0x0010
2025-07-31 20:09:12,51.65.219.232,51587,136.230.34.103,80,HTTP,1107,0x0002
2025-07-31 17:40:23,136.230.34.103,2755,51.65.219.232,10749,UDP,857,0x0002
2025-07-31 07:13:11,140.121.54.154,34827,131.32.149.124,80,UDP,1355,0x0002
2025-07-31 01:13:43,92.2.57.182,34855,20.139.69.222,8080,HTTPS,1121,0x0018
2025-07-31 10:16:16,13.195.117.162,16230,136.230.34.103,443,TCP,882,0x0002
2025-07-31 09:14:44,37.105.193.226,43006,201.121.126.249,80,TCP,752,0x0010
2025-07-31 18:30:37,136.230.34.103,36479,37.105.193.226,8080,HTTPS,992,0x0010
2025-07-31 22:13:30,20.139.69.222,29756,140.121.54.154,443,RDP,143,0x0018
2025-07-31 07:59:47,51.65.219.232,31306,131.32.149.124,29307,TLS,397,0x0011
2025-07-31 06:42:05,92.2.57.182,38112,88.68.217.153,8082,UDP,1182,0x0010
2025-07-31 20:57:41,136.230.34.103,29164,51.65.219.232,80,TLS,1186,0x0002
2025-07-31 19:25:06,92.2.57.182,64393,20.139.69.222,8080,UDP,850,0x0018
2025-07-31 08:08:25,88.68.217.153,12383,20.139.69.222,2813,TLS,423,0x0010
2025-07-31 03:56:51,88.68.217.153,15838,201.121.126.249,80,HTTPS,970,0x0010
2025-07-31 18:03:11,37.105.193.226,18419,13.195.117.162,80,TLS,473,0x0011
2025-07-31 10:53:47,140.121.54.154,22752,136.230.34.103,2674,RDP,1441,0x0011
2025-07-31 08:52:25,136.230.34.103,39402,88.68.217.153,443,HTTP,531,0x0002
2025-07-31 03:02:18,201.121.126.249,57895,92.2.57.182,80,UDP,162,0x0018
2025-07-31 15:24:36,140.121.54.154,50456,37.105.193.226,80,TLS,744,0x0011
2025-07-31 21:51:32,20.139.69.222,35018,131.32.149.124,443,HTTP,310,0x0011
2025-07-31 03:14:51,131.32.149.124,3122,88.68.217.153,8080,UDP,608,0x0011
2025-07-31 00:28:48,201.121.126.249,32573,51.65.219.232,443,TCP,1378,0x0011
2025-07-31 15:18:09,92.2.57.182,34647,20.139.69.222,3991,RDP,722,0x0018
2025-07-31 20:53:04,88.68.217.153,41408,20.139.69.222,80,RDP,120,0x0010
2025-07-31 14:40:12,131.32.149.124,23744,37.105.193.226,443,TLS,1161,0x0011
2025-07-30 23:35:30,92.2.57.182,29748,37.105.193.226,2217,HTTP,1130,0x0010
2025-07-31 04:38:44,92.2.57.182,58055,201.121.126.249,80,TCP,1122,0x0002
2025-07-31 15:05:51,20.139.69.222,2336,37.105.193.226,52044,RDP,1337,0x0010
2025-07-31 19:11:32,37.105.193.226,9813,13.195.117.162,80,HTTPS,627,0x0002
2025-07-31 18:52:30,140.121.54.154,12840,51.65.219.232,80,TLS,984,0x0011
2025-07-31 10:44:09,20.139.69.222,55206,92.2.57.182,8080,TCP,1288,0x0002
2025-07-31 22:07:11,20.139.69.222,20067,201.121.126.249,443,TCP,1076,0x0002
2025-07-31 13:56:49,37.105.193.226,4576,131.32.149.124,8080,UDP,240,0x0010
2025-07-31 06:22:15,37.105.193.226,44786,131.32.149.124,16246,UDP,698,0x0018
2025-07-30 23:37:01,20.139.69.222,41132,13.195.117.162,80,HTTPS,627,0x0002
2025-07-31 16:00:18,20.139.69.222,40912,136.230.34.103,443,UDP,112,0x0010
2025-07-31 07:39:42,131.32.149.124,51088,51.65.219.232,443,TLS,1084,0x0002
2025-07-31 14:52:32,20.139.69.222,9647,88.68.217.153,8080,TCP,956,0x0010
2025-07-31 19:44:49,51.65.219.232,18537,136.230.34.103,80,RDP,412,0x0018
2025-07-31 14:05:30,201.121.126.249,57481,51.65.219.232,21940,TLS,878,0x0010
2025-07-31 14:53:59,13.195.117.162,10746,92.2.57.182,8080,HTTP,1170,0x0018
2025-07-31 13:50:24,51.65.219.232,40298,131.32.149.124,80,TCP,130,0x0018
2025-07-31 04:12:34,131.32.149.124,1194,201.121.126.249,8080,RDP,831,0x0018
2025-07-31 03:17:47,37.105.193.226,10123,92.2.57.182,58442,HTTPS,1245,0x0011
2025-07-31 07:55:56,140.121.54.154,18510,13.195.117.162,8080,RDP,837,0x0011
2025-07-31 18:55:28,13.195.117.162,59575,88.68.217.153,8080,TLS,976,0x0018
2025-07-31 00:30:29,131.32.149.124,43673,201.121.126.249,443,HTTPS,109,0x0002
2025-07-31 14:19:06,92.2.57.182,41758,13.195.117.162,8080,TCP,396,0x0018
2025-07-31 17:14:46,37.105.193.226,49535,51.65.219.232,54052,UDP,143,0x0002
2025-07-31 11:22:25,37.105.193.226,38868,13.195.117.162,80,TLS,273,0x0018
2025-07-31 13:59:07,136.230.34.103,10385,37.105.193.226,443,TLS,1272,0x0011
2025-07-31 10:41:42,37.105.193.226,18812,140.121.54.154,8080,UDP,816,0x0010
2025-07-31 08:21:28,20.139.69.222,33987,201.121.126.249,8080,RDP,1370,0x0010
2025-07-31 00:33:55,131.32.149.124,38847,13.195.117.162,22545,HTTPS,1327,0x0011
2025-07-31 20:58:18,51.65.219.232,50855,136.230.34.103,80,UDP,263,0x0011
2025-07-31 00:10:26,140.121.54.154,5324,88.68.217.153,8080,RDP,1451,0x0010
2025-07-31 18:46:38,131.32.149.124,28171,13.195.117.162,443,UDP,1238,0x0010
2025-07-31 15:26:07,20.139.69.222,30668,88.68.217.153,80,RDP,110,0x0011
2025-07-31 11:12:47,51.65.219.232,33232,131.32.149.124,8080,TLS,1449,0x0018
2025-07-31 17:19:57,92.2.57.182,16407,201.121.126.249,80,HTTPS,943,0x0011
2025-07-31 02:21:47,201.121.126.249,13097,136.230.34.103,8080,UDP,200,0x0010
2025-07-31 01:14:28,51.65.219.232,44688,136.230.34.103,443,TLS,207,0x0002
2025-07-31 15:27:47,37.105.193.226,3000,201.121.126.249,80,HTTP,441,0x0018
2025-07-31 09:26:28,136.230.34.103,35243,201.121.126.249,443,HTTP,1448,0x0018
2025-07-31 18:41:08,201.121.126.249,57678,131.32.149.124,80,UDP,1298,0x0011
2025-07-31 00:51:22,131.32.149.124,50245,201.121.126.249,80,TLS,1402,0x0010
2025-07-31 19:16:44,131.32.149.124,25987,88.68.217.153,8080,RDP,947,0x0010
2025-07-31 06:48:22,13.195.117.162,40292,201.121.126.249,58195,TCP,899,0x0011
2025-07-31 11:12:39,131.32.149.124,31162,13.195.117.162,443,UDP,562,0x0018
2025-07-31 09:40:00,136.230.34.103,51282,201.121.126.249,443,TLS,1011,0x0018
2025-07-31 10:27:37,201.121.126.249,15518,92.2.57.182,80,HTTP,759,0x0002
2025-07-31 21:31:35,131.32.149.124,21234,201.121.126.249,8080,HTTPS,1408,0x0018
2025-07-31 19:17:06,131.32.149.124,30528,88.68.217.153,8080,HTTP,535,0x0018
2025-07-31 16:24:11,88.68.217.153,58326,51.65.219.232,80,RDP,1007,0x0010
2025-07-31 18:18:30,131.32.149.124,5397,37.105.193.226,8080,TCP,667,0x0010
2025-07-31 02:28:41,13.195.117.162,48647,37.105.193.226,8080,UDP,602,0x0018
2025-07-31 05:11:23,13.195.117.162,8806,92.2.57.182,443,HTTPS,1205,0x0018
2025-07-31 07:02:20,92.2.57.182,53254,13.195.117.162,8080,RDP,499,0x0010
2025-07-31 09:03:43,92.2.57.182,10987,88.68.217.153,42255,TLS,1051,0x0002
2025-07-31 18:38:39,140.121.54.154,43317,88.68.217.153,8080,RDP,334,0x0018
2025-07-31 10:17:51,136.230.34.103,35978,13.195.117.162,35727,RDP,599,0x0011
2025-07-31 19:38:15,13.195.117.162,11642,136.230.34.103,51537,UDP,871,0x0002
2025-07-31 14:05:27,20.139.69.222,29122,136.230.34.103,8080,HTTPS,48,0x0018
2025-07-31 21:19:59,88.68.217.153,48036,140.121.54.154,443,TLS,992,0x0018
2025-07-31 04:07:32,20.139.69.222,10013,37.105.193.226,8080,HTTP,1067,0x0018
2025-07-31 22:33:05,13.195.117.162,4475,140.121.54.154,443,RDP,879,0x0011
2025-07-31 01:33:05,201.121.126.249,54043,136.230.34.103,80,HTTP,1389,0x0002
2025-07-31 15:26:58,13.195.117.162,47531,92.2.57.182,443,UDP,925,0x0018
2025-07-31 01:15:09,51.65.219.232,59826,20.139.69.222,80,TCP,573,0x0002
2025-07-31 00:01:59,20.139.69.222,51543,88.68.217.153,8080,HTTPS,656,0x0002
2025-07-31 03:45:41,131.32.149.124,54336,201.121.126.249,443,HTTP,631,0x0018
2025-07-31 10:20:31,88.68.217.153,19303,37.105.193.226,45962,HTTP,566,0x0011
2025-07-30 23:38:13,140.121.54.154,21260,20.139.69.222,61652,RDP,1472,0x0010
2025-07-31 19:31:42,201.121.126.249,19500,20.139.69.222,443,HTTPS,829,0x0018
2025-07-31 22:27:36,88.68.217.153,36179,201.121.126.249,8080,TCP,1406,0x0018
2025-07-31 10:13:44,37.105.193.226,27767,20.139.69.222,42724,HTTP,1251,0x0018
2025-07-31 16:11:36,51.65.219.232,39642,131.32.149.124,80,HTTP,326,0x0002
2025-07-31 11:45:41,201.121.126.249,63084,140.121.54.154,80,TLS,314,0x0011
2025-07-31 01:11:06,13.195.117.162,12824,37.105.193.226,443,HTTP,637,0x0002
2025-07-31 17:18:16,20.139.69.222,45089,13.195.117.162,80,UDP,1365,0x0010
2025-07-31 15:31:39,92.2.57.182,42853,201.121.126.249,8080,TCP,303,0x0010
2025-07-31 15:29:30,201.121.126.249,49227,88.68.217.153,443,RDP,229,0x0010
2025-07-31 02:22:10,140.121.54.154,8409,88.68.217.153,8080,RDP,333,0x0018
2025-07-31 14:16:02,20.139.69.222,39502,37.105.193.226,55405,HTTP,174,0x0018
2025-07-31 17:02:45,88.68.217.153,37351,20.139.69.222,16103,UDP,207,0x0018
2025-07-31 07:24:31,37.105.193.226,56862,20.139.69.222,443,HTTPS,1333,0x0002
2025-07-31 12:29:12,136.230.34.103,36034,51.65.219.232,443,HTTPS,1053,0x0018
2025-07-31 21:55:22,131.32.149.124,24522,13.195.117.162,443,TCP,877,0x0018
2025-07-31 10:34:42,140.121.54.154,27677,20.139.69.222,80,TCP,93,0x0018
2025-07-31 22:40:12,51.65.219.232,37524,140.121.54.154,8080,RDP,714,0x0010
2025-07-31 12:47:43,20.139.69.222,47331,201.121.126.249,14225,HTTPS,708,0x0002
2025-07-31 16:29:37,37.105.193.226,18197,201.121.126.249,48030,UDP,375,0x0002
2025-07-31 10:51:56,51.65.219.232,18031,37.105.193.226,18164,HTTPS,1376,0x0011
2025-07-31 20:52:09,51.65.219.232,13550,37.105.193.226,443,HTTP,1430,0x0011
2025-07-31 16:47:15,20.139.69.222,56065,13.195.117.162,45014,TLS,55,0x0010
2025-07-31 19:25:19,136.230.34.103,57522,51.65.219.232,80,TCP,450,0x0011
2025-07-31 19:05:36,136.230.34.103,22812,20.139.69.222,8080,HTTP,1147,0x0018
2025-07-31 03:07:36,51.65.219.232,51521,136.230.34.103,15565,TLS,809,0x0010
2025-07-31 13:50:03,51.65.219.232,43996,140.121.54.154,443,TLS,515,0x0002
2025-07-31 14:46:47,92.2.57.182,7972,37.105.193.226,8080,TCP,1177,0x0002
2025-07-31 07:48:33,201.121.126.249,33032,51.65.219.232,80,HTTPS,715,0x0010
2025-07-31 06:36:45,140.121.54.154,52057,92.2.57.182,443,TLS,1191,0x0002
2025-07-31 03:38:30,37.105.193.226,57986,201.121.126.249,80,TCP,205,0x0011
2025-07-31 01:36:03,136.230.34.103,1150,37.105.193.226,80,HTTPS,251,0x0018
2025-07-31 01:48:04,140.121.54.154,1539,136.230.34.103,443,TLS,942,0x0011
2025-07-31 23:20:07,51.65.219.232,19184,140.121.54.154,11722,HTTPS,367,0x0018
2025-07-31 06:13:27,20.139.69.222,18331,92.2.57.182,443,UDP,1089,0x0002
2025-07-31 00:09:40,140.121.54.154,37926,88.68.217.153,80,UDP,1099,0x0010
2025-07-31 17:56:02,13.195.117.162,22358,140.121.54.154,8080,RDP,905,0x0011
2025-07-31 18:21:21,51.65.219.232,47493,88.68.217.153,80,RDP,502,0x0011
2025-07-31 10:05:55,136.230.34.103,40457,140.121.54.154,43908,TLS,794,0x0010
2025-07-31 11:32:03,92.2.57.182,37028,136.230.34.103,45149,TLS,1074,0x0018
2025-07-31 01:43:19,20.139.69.222,61289,51.65.219.232,443,UDP,881,0x0010
2025-07-31 17:09:03,131.32.149.124,17228,136.230.34.103,25159,TCP,725,0x0002
2025-07-31 06:03:51,131.32.149.124,45301,88.68.217.153,8080,UDP,1266,0x0002
2025-07-31 01:18:57,20.139.69.222,34203,140.121.54.154,52231,HTTP,200,0x0010
2025-07-31 08:48:53,201.121.126.249,46464,131.32.149.124,8080,UDP,1053,0x0018
2025-07-31 21:24:05,92.2.57.182,38733,88.68.217.153,8080,HTTP,350,0x0010
2025-07-31 20:15:59,37.105.193.226,12928,20.139.69.222,443,TLS,1426,0x0011
2025-07-31 20:55:34,92.2.57.182,50379,140.121.54.154,8080,UDP,1219,0x0018
2025-07-31 02:14:16,37.105.193.226,3761,140.121.54.154,443,HTTPS,1396,0x0018
2025-07-31 14:18:18,51.65.219.232,23671,88.68.217.153,8080,HTTP,394,0x0010
2025-07-31 10:23:21,140.121.54.154,61643,51.65.219.232,80,TLS,323,0x0010
2025-07-31 12:15:21,13.195.117.162,25132,20.139.69.222,28362,HTTPS,109,0x0010
2025-07-31 14:57:44,136.230.34.103,26881,20.139.69.222,80,TCP,935,0x0002
2025-07-31 09:34:17,51.65.219.232,9434,136.230.34.103,443,TLS,1310,0x0011
2025-07-31 08:10:21,88.68.217.153,24777,20.139.69.222,48403,TLS,258,0x0011
2025-07-31 00:44:06,201.121.126.249,61734,92.2.57.182,27618,RDP,380,0x0011
2025-07-31 22:34:59,37.105.193.226,33381,201.121.126.249,27147,RDP,740,0x0018
2025-07-31 05:07:13,88.68.217.153,31554,37.105.193.226,80,HTTPS,141,0x0010
2025-07-31 00:25:19,20.139.69.222,26293,51.65.219.232,8080,RDP,412,0x0002
2025-07-31 15:54:50,201.121.126.249,60628,20.139.69.222,8080,HTTP,117,0x0002
2025-07-31 20:58:22,13.195.117.162,45184,37.105.193.226,80,RDP,827,0x0018
2025-07-31 06:13:13,131.32.149.124,45619,20.139.69.222,443,TCP,693,0x0002
2025-07-31 22:13:39,131.32.149.124,53808,20.139.69.222,17831,RDP,1068,0x0010
2025-07-31 14:20:52,37.105.193.226,21345,136.230.34.103,443,RDP,1348,0x0002
2025-07-31 02:03:26,92.2.57.182,56701,51.65.219.232,8080,HTTPS,1089,0x0011
2025-07-31 02:17:18,20.139.69.222,13894,136.230.34.103,8080,HTTP,774,0x0010
2025-07-31 08:09:51,201.121.126.249,52685,140.121.54.154,8080,TLS,113,0x0018
2025-07-31 18:38:05,92.2.57.182,39441,13.195.117.162,8080,TLS,1296,0x0010
2025-07-31 07:52:39,20.139.69.222,13157,140.121.54.154,80,TLS,126,0x0011
2025-07-31 04:27:34,13.195.117.162,28579,131.32.149.124,60480,RDP,810,0x0018
2025-07-31 04:43:42,51.65.219.232,15826,37.105.193.226,14218,TLS,1040,0x0002
2025-07-31 16:29:59,92.2.57.182,51374,37.105.193.226,45125,TLS,846,0x0010
2025-07-30 23:51:49,88.68.217.153,61495,13.195.117.162,80,TCP,1302,0x0010
2025-07-31 17:26:22,131.32.149.124,28317,51.65.219.232,58287,HTTP,628,0x0011
2025-07-31 22:20:32,131.32.149.124,50725,13.195.117.162,49554,HTTP,297,0x0002
2025-07-31 03:59:16,140.121.54.154,15951,201.121.126.249,12191,RDP,542,0x0002
2025-07-31 02:47:41,131.32.149.124,28908,140.121.54.154,443,HTTPS,691,0x0011
2025-07-31 17:42:02,51.65.219.232,9376,136.230.34.103,8080,HTTP,1108,0x0011
2025-07-31 15:20:38,51.65.219.232,14005,92.2.57.182,8080,RDP,1009,0x0010
2025-07-31 22:35:58,51.65.219.232,65102,13.195.117.162,443,UDP,1160,0x0011
2025-07-31 22:32:39,37.105.193.226,2759,20.139.69.222,25430,HTTP,177,0x0018
2025-07-31 06:07:04,88.68.217.153,52404,92.2.57.182,8080,UDP,1096,0x0011
2025-07-31 17:36:52,131.32.149.124,14189,201.121.126.249,443,HTTPS,1422,0x0010
2025-07-31 09:18:33,140.121.54.154,59399,51.65.219.232,80,HTTP,1136,0x0002
2025-07-31 20:43:02,88.68.217.153,36324,37.105.193.226,8080,UDP,1476,0x0002
2025-07-31 21:47:11,92.2.57.182,21085,131.32.149.124,6599,RDP,1296,0x0011
2025-07-31 09:11:44,13.195.117.162,13740,88.68.217.153,36673,TLS,1036,0x0018
2025-07-31 02:54:16,136.230.34.103,14213,37.105.193.226,8080,HTTP,1277,0x0002
2025-07-30 23:57:02,140.121.54.154,56633,92.2.57.182,23962,HTTP,383,0x0011
2025-07-31 12:48:49,131.32.149.124,19117,136.230.34.103,8080,UDP,1016,0x0002
2025-07-31 12:42:20,136.230.34.103,19092,20.139.69.222,80,TLS,1000,0x0010
2025-07-31 05:42:39,51.65.219.232,59872,88.68.217.153,443,TCP,633,0x0010
2025-07-31 01:05:53,136.230.34.103,21606,20.139.69.222,443,TLS,501,0x0010
2025-07-31 08:10:15,136.230.34.103,18494,88.68.217.153,443,HTTPS,478,0x0018
2025-07-31 21:02:41,88.68.217.153,35153,51.65.219.232,443,HTTPS,290,0x0010
2025-07-31 03:49:19,51.65.219.232,24902,131.32.149.124,24578,HTTPS,1076,0x0018
2025-07-31 23:12:30,88.68.217.153,43921,131.32.149.124,443,UDP,726,0x0010
2025-07-31 04:23:31,140.121.54.154,22165,37.105.193.226,65073,TLS,182,0x0011
2025-07-31 16:55:57,92.2.57.182,25921,20.139.69.222,443,RDP,375,0x0002
2025-07-31 18:13:24,37.105.193.226,19507,136.230.34.103,80,TCP,123,0x0018
2025-07-31 17:02:41,136.230.34.103,59345,51.65.219.232,443,TCP,1372,0x0018
2025-07-31 01:12:56,201.121.126.249,1699,136.230.34.103,26653,TLS,460,0x0018
2025-07-31 04:47:23,51.65.219.232,4046,20.139.69.222,443,HTTPS,264,0x0018
2025-07-31 08:52:12,131.32.149.124,14382,13.195.117.162,8080,TCP,879,0x0018
2025-07-30 23:42:19,92.2.57.182,25980,88.68.217.153,80,TLS,701,0x0010
2025-07-31 09:13:09,20.139.69.222,31463,92.2.57.182,8080,TLS,303,0x0011
2025-07-31 16:54:49,131.32.149.124,32814,92.2.57.182,80,HTTPS,931,0x0002
2025-07-31 23:10:50,201.121.126.249,3113,20.139.69.222,443,RDP,218,0x0011
2025-07-31 02:55:03,140.121.54.154,9817,136.230.34.103,443,UDP,116,0x0011
2025-07-31 22:45:37,140.121.54.154,9220,20.139.69.222,443,TCP,1208,0x0018
2025-07-31 14:45:25,37.105.193.226,17158,140.121.54.154,443,TCP,1500,0x0010
2025-07-31 00:59:28,140.121.54.154,19990,20.139.69.222,17671,RDP,1318,0x0010
2025-07-31 06:45:57,51.65.219.232,6722,201.121.126.249,34005,HTTPS,1445,0x0010
2025-07-31 19:26:16,88.68.217.153,49281,201.121.126.249,8080,RDP,1392,0x0002
2025-07-31 04:13:37,13.195.117.162,26353,140.121.54.154,8080,UDP,1429,0x0010
2025-07-31 21:45:20,13.195.117.162,7328,136.230.34.103,8080,HTTPS,902,0x0018
2025-07-31 16:19:01,92.2.57.182,54462,51.65.219.232,443,HTTPS,54,0x0002
2025-07-31 13:05:18,88.68.217.153,36745,51.65.219.232,8080,HTTP,1001,0x0010
2025-07-31 14:22:15,13.195.117.162,43989,37.105.193.226,47202,TCP,365,0x0018
2025-07-31 05:15:07,136.230.34.103,60477,88.68.217.153,8080,UDP,552,0x0018
2025-07-31 08:31:03,140.121.54.154,19773,13.195.117.162,32348,HTTP,538,0x0011
2025-07-31 01:41:53,20.139.69.222,18269,136.230.34.103,51921,HTTPS,306,0x0011
2025-07-31 16:11:37,131.32.149.124,9988,13.195.117.162,64300,HTTP,979,0x0018
2025-07-31 03:38:45,51.65.219.232,9853,131.32.149.124,64495,HTTP,278,0x0018
2025-07-31 02:10:34,51.65.219.232,16745,13.195.117.162,8080,HTTPS,587,0x0018
2025-07-31 05:39:21,20.139.69.222,8537,131.32.149.124,443,HTTP,1017,0x0010
2025-07-31 14:26:41,92.2.57.182,40956,140.121.54.154,443,TCP,258,0x0002
2025-07-31 05:06:19,37.105.193.226,32768,131.32.149.124,8080,TLS,322,0x0010
2025-07-31 20:31:33,51.65.219.232,41882,136.230.34.103,443,UDP,1439,0x0018
2025-07-31 15:38:47,20.139.69.222,64773,136.230.34.103,443,TCP,432,0x0002
2025-07-31 08:14:46,88.68.217.153,28586,37.105.193.226,30187,TLS,648,0x0002
2025-07-31 04:00:55,131.32.149.124,38188,92.2.57.182,443,HTTPS,1159,0x0002
2025-07-31 10:10:04,13.195.117.162,64813,92.2.57.182,41947,HTTP,1112,0x0010
2025-07-30 23:39:34,37.105.193.226,32112,92.2.57.182,36491,RDP,946,0x0011
2025-07-31 00:40:38,13.195.117.162,6082,136.230.34.103,80,RDP,92,0x0018
2025-07-31 15:20:41,136.230.34.103,44332,201.121.126.249,8080,RDP,859,0x0018
2025-07-31 09:29:35,92.2.57.182,35278,20.139.69.222,10645,UDP,99,0x0010
2025-07-31 22:18:21,92.2.57.182,18713,131.32.149.124,80,HTTP,353,0x0018
2025-07-31 02:11:49,92.2.57.182,8459,88.68.217.153,443,HTTP,1412,0x0011
2025-07-31 14:38:54,92.2.57.182,4988,131.32.149.124,443,HTTP,135,0x0010
2025-07-31 11:03:35,131.32.149.124,31941,92.2.57.182,443,TCP,1398,0x0002
2025-07-31 11:30:59,131.32.149.124,26586,13.195.117.162,39323,TCP,418,0x0010
2025-07-31 19:04:01,20.139.69.222,9263,201.121.126.249,80,HTTP,1234,0x0011
2025-07-31 13:18:18,37.105.193.226,45622,131.32.149.124,443,UDP,349,0x0018
2025-07-31 03:03:51,51.65.219.232,37079,88.68.217.153,8080,UDP,712,0x0010
2025-07-31 18:51:04,37.105.193.226,35714,131.32.149.124,80,HTTPS,1155,0x0018
2025-07-31 14:06:33,201.121.126.249,50046,20.139.69.222,22304,RDP,504,0x0011
2025-07-31 01:53:41,37.105.193.226,8003,131.32.149.124,56846,HTTPS,1117,0x0002
2025-07-31 15:40:58,140.121.54.154,56065,13.195.117.162,2230,HTTPS,386,0x0011
2025-07-31 23:12:52,13.195.117.162,9308,136.230.34.103,29597,UDP,50,0x0018
2025-07-31 22:13:43,136.230.34.103,26470,88.68.217.153,443,HTTPS,1246,0x0011
2025-07-31 22:32:28,20.139.69.222,38124,201.121.126.249,8080,HTTP,52,0x0018
2025-07-31 19:06:22,131.32.149.124,8983,51.65.219.232,443,RDP,760,0x0018
2025-07-31 21:25:35,88.68.217.153,34079,136.230.34.103,443,RDP,110,0x0010
2025-07-30 23:55:00,37.105.193.226,57696,92.2.57.182,80,RDP,1267,0x0011
2025-07-31 04:23:16,37.105.193.226,33677,20.139.69.222,8080,UDP,986,0x0018
2025-07-31 15:29:14,92.2.57.182,31591,20.139.69.222,443,UDP,1487,0x0018
2025-07-31 22:09:01,37.105.193.226,23796,13.195.117.162,80,TLS,691,0x0018
2025-07-31 00:17:29,140.121.54.154,41072,37.105.193.226,8080,HTTP,1000,0x0011
2025-07-31 09:20:09,13.195.117.162,37728,131.32.149.124,80,HTTP,252,0x0018
2025-07-31 07:31:27,13.195.117.162,59687,92.2.57.182,443,UDP,777,0x0018
2025-07-31 13:40:03,140.121.54.154,61386,13.195.117.162,443,HTTP,1232,0x0011
2025-07-31 22:30:05,92.2.57.182,25680,20.139.69.222,8080,RDP,1199,0x0018
2025-07-30 23:57:28,92.2.57.182,33531,20.139.69.222,80,HTTP,875,0x0011
2025-07-31 05:08:58,140.121.54.154,26465,92.2.57.182,443,RDP,1253,0x0010
2025-07-31 18:38:45,20.139.69.222,49944,13.195.117.162,14437,TCP,727,0x0002
2025-07-30 23:44:40,88.68.217.153,14194,201.121.126.249,443,RDP,74,0x0011
2025-07-31 14:45:36,37.105.193.226,20984,131.32.149.124,80,HTTP,1498,0x0018
2025-07-31 07:14:26,20.139.69.222,11564,92.2.57.182,8080,TLS,1010,0x0018
2025-07-31 20:14:40,51.65.219.232,52802,13.195.117.162,80,UDP,1266,0x0011
2025-07-31 09:45:17,92.2.57.182,32440,20.139.69.222,443,UDP,1430,0x0002
2025-07-31 14:24:10,20.139.69.222,54889,51.65.219.232,12499,TLS,779,0x0002
2025-07-31 04:10:47,92.2.57.182,6749,88.68.217.153,80,UDP,825,0x0018
2025-07-31 16:17:18,131.32.149.124,2493,92.2.57.182,4092,HTTP,1010,0x0011
2025-07-31 16:30:26,88.68.217.153,39214,37.105.193.226,8080,RDP,546,0x0002
2025-07-31 14:55:24,37.105.193.226,61887,88.68.217.153,443,TCP,874,0x0010
2025-07-31 05:53:35,37.105.193.226,17232,201.121.126.249,16297,TCP,1270,0x0011
2025-07-31 16:08:48,136.230.34.103,31411,140.121.54.154,41826,HTTP,754,0x0002
2025-07-31 20:46:30,136.230.34.103,28834,131.32.149.124,80,TCP,1374,0x0018
2025-07-31 02:59:50,20.139.69.222,33511,51.65.219.232,8080,TLS,839,0x0002
2025-07-31 08:26:28,136.230.34.103,35078,201.121.126.249,8080,RDP,565,0x0011
2025-07-31 19:24:18,13.195.117.162,61444,88.68.217.153,8080,RDP,628,0x0018
2025-07-31 02:20:24,131.32.149.124,61292,51.65.219.232,80,HTTP,828,0x0010
2025-07-30 23:51:29,51.65.219.232,22124,92.2.57.182,24527,UDP,848,0x0002
2025-07-31 17:13:21,88.68.217.153,35259,201.121.126.249,54731,HTTP,1459,0x0010
2025-07-31 19:41:04,92.2.57.182,29731,37.105.193.226,80,UDP,455,0x0002
2025-07-31 01:04:10,51.65.219.232,56745,131.32.149.124,80,TLS,775,0x0002
2025-07-31 06:20:27,51.65.219.232,21804,37.105.193.226,80,HTTPS,907,0x0010
2025-07-31 18:13:28,136.230.34.103,61911,92.2.57.182,443,TLS,1059,0x0018
2025-07-31 13:32:03,136.230.34.103,48681,131.32.149.124,28104,TCP,190,0x0018
2025-07-31 09:26:47,201.121.126.249,48466,88.68.217.153,9714,UDP,112,0x0011
2025-07-31 13:21:44,88.68.217.153,35884,136.230.34.103,443,RDP,358,0x0002
2025-07-31 20:06:20,92.2.57.182,8647,136.230.34.103,8080,TLS,731,0x0002
2025-07-31 13:53:59,20.139.69.222,49125,136.230.34.103,20121,HTTP,1286,0x0018
2025-07-31 11:39:35,131.32.149.124,11935,13.195.117.162,443,TCP,751,0x0010
2025-07-31 06:48:37,136.230.34.103,8684,37.105.193.226,80,HTTPS,1020,0x0018
2025-07-31 02:23:30,92.2.57.182,52173,13.195.117.162,80,HTTPS,1262,0x0002
2025-07-31 02:13:50,37.105.193.226,2147,201.121.126.249,8080,TLS,709,0x0002
2025-07-31 03:06:27,92.2.57.182,55347,136.230.34.103,80,RDP,1285,0x0002
2025-07-31 22:51:53,131.32.149.124,48379,92.2.57.182,443,TLS,445,0x0018
2025-07-31 02:42:27,20.139.69.222,7885,201.121.126.249,56785,TCP,1159,0x0011
2025-07-31 04:14:36,131.32.149.124,4768,51.65.219.232,80,HTTP,1018,0x0002
2025-07-31 01:28:17,136.230.34.103,58540,20.139.69.222,8080,HTTPS,551,0x0011
2025-07-31 07:46:17,201.121.126.249,24268,37.105.193.226,8080,HTTP,1250,0x0011
2025-07-31 10:07:46,88.68.217.153,59766,136.230.34.103,28051,RDP,1154,0x0002
2025-07-31 20:22:52,51.65.219.232,35456,88.68.217.153,56500,UDP,451,0x0010
2025-07-31 17:52:51,37.105.193.226,9941,131.32.149.124,42677,UDP,1256,0x0011
2025-07-30 23:46:39,131.32.149.124,63492,88.68.217.153,35563,TLS,700,0x0010
2025-07-31 17:29:57,201.121.126.249,41715,20.139.69.222,80,RDP,1430,0x0018
2025-07-31 19:35:11,37.105.193.226,54504,20.139.69.222,80,HTTPS,1362,0x0018
2025-07-31 18:31:56,92.2.57.182,14388,140.121.54.154,80,TLS,1454,0x0011
2025-07-31 06:39:34,201.121.126.249,35883,13.195.117.162,8080,RDP,591,0x0018
2025-07-31 10:19:09,51.65.219.232,42098,13.195.117.162,443,TLS,152,0x0011
2025-07-31 02:33:31,13.195.117.162,45935,201.121.126.249,8080,HTTPS,391,0x0002
2025-07-31 23:15:47,20.139.69.222,47471,136.230.34.103,49936,HTTP,303,0x0002
2025-07-31 18:24:11,13.195.117.162,34196,131.32.149.124,80,RDP,853,0x0002
2025-07-31 19:09:57,140.121.54.154,4260,201.121.126.249,80,RDP,664,0x0018
2025-07-31 09:26:08,92.2.57.182,4854,136.230.34.103,443,UDP,901,0x0002
2025-07-31 03:43:24,136.230.34.103,60489,13.195.117.162,8080,HTTPS,69,0x0010
2025-07-31 19:50:54,37.105.193.226,63643,131.32.149.124,443,HTTPS,58,0x0018
2025-07-31 10:34:51,88.68.217.153,56196,92.2.57.182,443,TCP,1202,0x0010
2025-07-31 14:44:05,37.105.193.226,40247,20.139.69.222,41382,TCP,1332,0x0010
2025-07-31 04:40:03,92.2.57.182,29259,13.195.117.162,8080,UDP,1448,0x0002
2025-07-31 13:18:39,92.2.57.182,55355,37.105.193.226,24463,TLS,61,0x0011
2025-07-31 12:01:39,201.121.126.249,12474,88.68.217.153,80,UDP,1115,0x0011
2025-07-31 02:57:14,131.32.149.124,46868,13.195.117.162,8080,UDP,1230,0x0010
2025-07-31 11:19:28,140.121.54.154,27061,136.230.34.103,8080,TCP,1470,0x0011
2025-07-31 15:34:01,20.139.69.222,43845,140.121.54.154,19556,TCP,1345,0x0018
2025-07-31 01:57:19,37.105.193.226,18705,51.65.219.232,40062,HTTP,232,0x0011
2025-07-31 04:23:10,201.121.126.249,61751,136.230.34.103,8080,TCP,1491,0x0002
2025-07-31 20:50:33,51.65.219.232,46376,88.68.217.153,8080,TCP,1212,0x0002
2025-07-31 18:03:07,51.65.219.232,46900,92.2.57.182,443,UDP,1084,0x0010
2025-07-31 05:27:48,131.32.149.124,14026,201.121.126.249,80,RDP,1036,0x0011
2025-07-31 03:32:11,13.195.117.162,53712,131.32.149.124,8080,HTTP,587,0x0002
2025-07-31 19:59:13,201.121.126.249,15185,136.230.34.103,8080,HTTP,1082,0x0010
2025-07-31 14:06:59,20.139.69.222,38586,136.230.34.103,8080,HTTPS,464,0x0011
2025-07-31 10:54:32,51.65.219.232,19154,92.2.57.182,39467,UDP,321,0x0018
2025-07-31 00:13:29,92.2.57.182,14013,88.68.217.153,443,UDP,102,0x0018
2025-07-31 02:38:11,140.121.54.154,13873,13.195.117.162,80,UDP,1482,0x0010
2025-07-31 15:05:41,92.2.57.182,59954,20.139.69.222,8080,HTTP,1181,0x0011
2025-07-31 19:29:13,37.105.193.226,44933,13.195.117.162,443,HTTPS,953,0x0002
2025-07-31 03:13:50,131.32.149.124,5048,136.230.34.103,8080,RDP,1013,0x0010
2025-07-31 19:40:29,201.121.126.249,35697,140.121.54.154,47206,TLS,106,0x0002
2025-07-31 02:17:51,131.32.149.124,6697,201.121.126.249,443,TCP,751,0x0011
2025-07-31 02:05:39,136.230.34.103,47492,201.121.126.249,80,UDP,1039,0x0011
2025-07-31 13:06:49,88.68.217.153,11411,131.32.149.124,12541,TCP,577,0x0011
2025-07-31 22:23:59,140.121.54.154,3915,131.32.149.124,443,TCP,173,0x0010
2025-07-31 00:14:22,201.121.126.249,4408,140.121.54.154,8080,HTTP,80,0x0002
2025-07-31 12:19:25,201.121.126.249,6639,88.68.217.153,443,RDP,342,0x0018
2025-07-31 13:48:32,37.105.193.226,31351,51.65.219.232,443,TCP,915,0x0011
2025-07-31 12:38:53,136.230.34.103,2640,13.195.117.162,443,TCP,900,0x0002
2025-07-31 04:51:37,201.121.126.249,21842,37.105.193.226,443,HTTPS,885,0x0002
2025-07-31 01:47:10,92.2.57.182,28009,51.65.219.232,8080,UDP,1187,0x0002
2025-07-31 06:48:12,13.195.117.162,14376,37.105.193.226,80,HTTP,211,0x0002
2025-07-31 07:49:25,13.195.117.162,18861,92.2.57.182,443,HTTPS,738,0x0010
2025-07-31 14:58:07,88.68.217.153,62626,136.230.34.103,443,TCP,1266,0x0018
2025-07-31 17:19:26,88.68.217.153,50072,136.230.34.103,8080,TLS,1385,0x0010
2025-07-31 06:23:38,140.121.54.154,28569,92.2.57.182,443,HTTP,941,0x0018
2025-07-31 16:36:08,88.68.217.153,5956,20.139.69.222,80,RDP,947,0x0010
2025-07-31 14:34:40,140.121.54.154,47278,37.105.193.226,16402,HTTP,298,0x0011
2025-07-31 12:59:49,20.139.69.222,55267,136.230.34.103,8080,RDP,1309,0x0018
2025-07-31 16:41:00,201.121.126.249,37785,92.2.57.182,32420,TCP,1037,0x0018
2025-07-31 06:12:59,136.230.34.103,29348,37.105.193.226,21380,HTTP,396,0x0018
2025-07-31 10:01:40,20.139.69.222,63301,131.32.149.124,443,HTTP,236,0x0002
2025-07-31 00:08:28,88.68.217.153,44157,140.121.54.154,80,UDP,708,0x0011
2025-07-31 15:46:58,88.68.217.153,24907,136.230.34.103,80,TCP,94,0x0002
2025-07-31 08:50:26,37.105.193.226,54829,201.121.126.249,443,HTTPS,983,0x0010
2025-07-31 16:46:19,13.195.117.162,40328,88.68.217.153,8080,TLS,1477,0x0002
2025-07-31 19:59:37,20.139.69.222,56096,140.121.54.154,80,HTTP,1011,0x0018
2025-07-31 11:28:15,13.195.117.162,34994,201.121.126.249,42309,HTTP,653,0x0010
2025-07-31 04:43:45,20.139.69.222,20481,88.68.217.153,80,UDP,957,0x0002
2025-07-31 10:49:49,131.32.149.124,61199,13.195.117.162,24993,TLS,1333,0x0010
2025-07-31 21:22:51,88.68.217.153,56795,136.230.34.103,8080,HTTP,1386,0x0018
2025-07-31 14:25:21,37.105.193.226,6678,88.68.217.153,443,TLS,83,0x0002
2025-07-31 18:53:45,13.195.117.162,61312,20.139.69.222,8080,HTTPS,392,0x0010
2025-07-31 09:41:41,88.68.217.153,54830,20.139.69.222,8080,TLS,68,0x0002
2025-07-31 05:12:12,136.230.34.103,13117,13.195.117.162,80,RDP,809,0x0011
2025-07-31 00:36:36,20.139.69.222,63798,131.32.149.124,4454,RDP,1102,0x0018
2025-07-31 04:15:23,92.2.57.182,19915,140.121.54.154,80,RDP,1208,0x0018
2025-07-31 17:22:30,51.65.219.232,31573,92.2.57.182,2457,TLS,1094,0x0002
2025-07-31 15:52:36,131.32.149.124,17443,51.65.219.232,8080,UDP,523,0x0011
2025-07-31 02:05:37,140.121.54.154,48580,51.65.219.232,36910,HTTPS,41,0x0002
2025-07-31 16:51:15,201.121.126.249,23694,88.68.217.153,40123,RDP,431,0x0010
2025-07-31 08:48:18,131.32.149.124,2738,51.65.219.232,443,HTTP,562,0x0018
2025-07-31 17:41:59,51.65.219.232,30438,136.230.34.103,80,UDP,625,0x0018
2025-07-31 16:03:27,37.105.193.226,49996,20.139.69.222,443,HTTPS,401,0x0002
2025-07-31 02:19:17,51.65.219.232,50299,13.195.117.162,80,TCP,1222,0x0002
2025-07-31 13:01:52,92.2.57.182,22940,136.230.34.103,80,UDP,1233,0x0011
2025-07-31 15:46:16,136.230.34.103,23895,201.121.126.249,8080,HTTPS,851,0x0002
2025-07-31 04:45:03,51.65.219.232,56413,13.195.117.162,80,UDP,469,0x0011
2025-07-31 21:41:18,131.32.149.124,7363,201.121.126.249,8080,RDP,1092,0x0011
2025-07-31 11:41:35,131.32.149.124,17248,136.230.34.103,443,TLS,1372,0x0010
2025-07-31 15:15:59,37.105.193.226,23868,140.121.54.154,443,HTTPS,1111,0x0011
2025-07-31 21:16:05,136.230.34.103,4722,37.105.193.226,23617,RDP,1262,0x0018
2025-07-31 08:16:34,20.139.69.222,14977,92.2.57.182,443,RDP,1197,0x0010
2025-07-31 04:15:07,140.121.54.154,50908,37.105.193.226,443,TCP,1233,0x0010
2025-07-31 06:44:00,201.121.126.249,57383,88.68.217.153,8080,UDP,903,0x0002
2025-07-31 06:43:53,140.121.54.154,31595,37.105.193.226,80,TLS,1168,0x0010
2025-07-31 17:20:53,201.121.126.249,8499,88.68.217.153,443,UDP,1327,0x0018
2025-07-31 02:31:23,20.139.69.222,43331,140.121.54.154,443,TCP,1474,0x0002
2025-07-31 05:37:55,131.32.149.124,65076,88.68.217.153,80,HTTP,1092,0x0010
2025-07-31 13:37:09,92.2.57.182,32033,20.139.69.222,80,RDP,322,0x0011
2025-07-31 22:18:59,136.230.34.103,58718,140.121.54.154,443,TLS,451,0x0018
2025-07-31 02:56:29,88.68.217.153,36202,136.230.34.103,33228,HTTPS,1483,0x0011
2025-07-31 05:45:59,140.121.54.154,10287,131.32.149.124,38207,HTTPS,965,0x0010
2025-07-31 05:07:43,201.121.126.249,3689,136.230.34.103,8080,HTTP,1093,0x0002
2025-07-31 18:21:22,51.65.219.232,48910,136.230.34.103,22791,TCP,417,0x0010
2025-07-31 16:38:01,20.139.69.222,20544,201.121.126.249,8080,UDP,643,0x0018
2025-07-31 07:03:10,13.195.117.162,19438,37.105.193.226,4974,RDP,344,0x0011
2025-07-31 18:26:03,131.32.149.124,7234,13.195.117.162,80,HTTP,1045,0x0018
2025-07-31 05:49:51,20.139.69.222,57724,136.230.34.103,8080,HTTP,1070,0x0010
2025-07-31 21:00:34,20.139.69.222,13610,13.195.117.162,80,TLS,827,0x0011
2025-07-31 04:44:29,136.230.34.103,36727,201.121.126.249,31414,TLS,1213,0x0018
2025-07-31 11:18:18,51.65.219.232,19190,136.230.34.103,25122,HTTP,1358,0x0010
2025-07-31 22:57:57,201.121.126.249,48647,20.139.69.222,443,TLS,438,0x0018
2025-07-31 21:41:39,136.230.34.103,59822,88.68.217.153,80,TLS,1289,0x0010
2025-07-31 07:52:46,201.121.126.249,14286,136.230.34.103,80,TCP,612,0x0002
2025-07-31 18:15:25,20.139.69.222,29481,92.2.57.182,46462,UDP,681,0x0010
2025-07-31 21:25:49,136.230.34.103,4728,201.121.126.249,443,HTTP,250,0x0002
2025-07-31 06:52:24,20.139.69.222,56624,51.65.219.232,443,RDP,995,0x0010
2025-07-31 04:51:07,92.2.57.182,49694,140.121.54.154,61858,HTTPS,948,0x0011
2025-07-31 16:51:19,136.230.34.103,61987,20.139.69.222,80,TLS,1500,0x0011
2025-07-31 19:47:53,201.121.126.249,7408,140.121.54.154,80,UDP,99,0x0018
2025-07-31 12:00:27,92.2.57.182,62545,51.65.219.232,8080,TLS,1258,0x0018
2025-07-31 11:15:57,131.32.149.124,7223,201.121.126.249,36412,TCP,810,0x0002
2025-07-31 15:23:02,37.105.193.226,1337,20.139.69.222,8080,HTTPS,629,0x0011
2025-07-30 23:28:06,37.105.193.226,60723,140.121.54.154,80,RDP,1073,0x0010
2025-07-31 10:15:29,37.105.193.226,33082,201.121.126.249,443,UDP,1089,0x0002
2025-07-31 13:09:07,37.105.193.226,47940,131.32.149.124,14928,UDP,762,0x0018
2025-07-31 05:42:18,37.105.193.226,49788,13.195.117.162,8080,UDP,101,0x0010
2025-07-31 08:07:36,131.32.149.124,24651,201.121.126.249,28253,TCP,1404,0x0018
2025-07-31 10:03:46,131.32.149.124,49999,88.68.217.153,8080,UDP,1208,0x0002
2025-07-31 08:05:12,37.105.193.226,16665,131.32.149.124,80,HTTP,1457,0x0018
2025-07-30 23:26:43,140.121.54.154,54182,20.139.69.222,34999,RDP,1163,0x0011
2025-07-31 17:43:58,140.121.54.154,32997,51.65.219.232,443,TCP,1169,0x0018
2025-07-31 00:27:11,51.65.219.232,7685,20.139.69.222,443,TCP,629,0x0011
2025-07-31 08:12:21,201.121.126.249,42208,88.68.217.153,80,RDP,595,0x0002
2025-07-31 08:18:11,201.121.126.249,57320,131.32.149.124,80,HTTPS,334,0x0010
2025-07-31 20:01:21,92.2.57.182,8561,51.65.219.232,80,RDP,686,0x0011
2025-07-31 08:45:03,20.139.69.222,31878,131.32.149.124,48501,UDP,1363,0x0011
